CustomerID,CustomerName,CustomerLabel
C1000,Thomas Duncan,Thomas Duncan (C1000)
C1001,Kenneth Ross,Kenneth Ross (C1001)
C1002,Henry Reyes,Henry Reyes (C1002)
C1003,Benjamin Carter,Benjamin Carter (C1003)
C1004,Jeremy Schmidt,Jeremy Schmidt (C1004)
C1005,Joe Hanson,Joe Hanson (C1005)
C1006,Henry Reyes,Henry Reyes (C1006)
C1007,Benjamin Vasquez,Benjamin Vasquez (C1007)
C1008,Benjamin Kim,Benjamin Kim (C1008)
C1009,Howard Morgan,Howard Morgan (C1009)
C1010,Ralph Wood,Ralph Wood (C1010)
C1011,Brandon Wright,Brandon Wright (C1011)
C1012,Gerald Andrews,Gerald Andrews (C1012)
C1013,Nicholas Garcia,Nicholas Garcia (C1013)
C1014,Juan Perez,Juan Perez (C1014)
C1015,Andrew Graham,Andrew Graham (C1015)
C1016,Douglas Kennedy,Douglas Kennedy (C1016)
C1017,Eugene Brooks,Eugene Brooks (C1017)
C1018,Samuel Jenkins,Samuel Jenkins (C1018)
C1019,Jeremy Arnold,Jeremy Arnold (C1019)
C1020,Peter Cook,Peter Cook (C1020)
C1021,Sean Andrews,Sean Andrews (C1021)
C1022,Phillip Harvey,Phillip Harvey (C1022)
C1023,Wayne Stewart,Wayne Stewart (C1023)
C1024,Raymond Burke,Raymond Burke (C1024)
C1025,Patrick Rivera,Patrick Rivera (C1025)
C1026,Walter Harris,Walter Harris (C1026)
C1027,Victor Gutierrez,Victor Gutierrez (C1027)
C1028,Jason Diaz,Jason Diaz (C1028)
C1029,Phillip Carpenter,Phillip Carpenter (C1029)
C1030,Jose Williams,Jose Williams (C1030)
C1031,Victor Lopez,Victor Lopez (C1031)
C1032,Bobby Jackson,Bobby Jackson (C1032)
C1033,Patrick Wells,Patrick Wells (C1033)
C1034,Scott Roberts,Scott Roberts (C1034)
C1035,Wayne Gordon,Wayne Gordon (C1035)
C1036,Keith Hamilton,Keith Hamilton (C1036)
C1037,Clarence Kelley,Clarence Kelley (C1037)
C1038,Robert Price,Robert Price (C1038)
C1039,James Williams,James Williams (C1039)
C1040,Victor Gray,Victor Gray (C1040)
C1041,Albert Cunningham,Albert Cunningham (C1041)
C1042,Earl Ortiz,Earl Ortiz (C1042)
C1043,Johnny Butler,Johnny Butler (C1043)
C1044,Bobby Greene,Bobby Greene (C1044)
C1045,Johnny Butler,Johnny Butler (C1045)
C1046,Matthew Phillips,Matthew Phillips (C1046)
C1047,Keith Hamilton,Keith Hamilton (C1047)
C1048,Charles Richards,Charles Richards (C1048)
C1049,Kenneth Foster,Kenneth Foster (C1049)
C1050,Kenneth Simpson,Kenneth Simpson (C1050)
C1051,Willie Hicks,Willie Hicks (C1051)
C1052,Michael Cole,Michael Cole (C1052)
C1053,Shawn Day,Shawn Day (C1053)
C1054,Ralph Nichols,Ralph Nichols (C1054)
C1055,Eric Alvarez,Eric Alvarez (C1055)
C1056,Andrew Peters,Andrew Peters (C1056)
C1057,Paul Lane,Paul Lane (C1057)
C1058,Paul Lane,Paul Lane (C1058)
C1059,Jason Hanson,Jason Hanson (C1059)
C1060,Louis White,Louis White (C1060)
C1061,Earl Simpson,Earl Simpson (C1061)
C1062,Wayne Johnson,Wayne Johnson (C1062)
C1063,Joseph Warren,Joseph Warren (C1063)
C1064,Carlos Smith,Carlos Smith (C1064)
C1065,Harry Castillo,Harry Castillo (C1065)
C1066,Joe Carroll,Joe Carroll (C1066)
C1067,Ralph Elliott,Ralph Elliott (C1067)
C1068,Raymond Spencer,Raymond Spencer (C1068)
C1069,Aaron Carr,Aaron Carr (C1069)
C1070,David Garrett,David Garrett (C1070)
C1071,Shawn Day,Shawn Day (C1071)
C1072,Aaron Tucker,Aaron Tucker (C1072)
C1073,Antonio Frazier,Antonio Frazier (C1073)
C1074,Kevin Webb,Kevin Webb (C1074)
C1075,Albert Cunningham,Albert Cunningham (C1075)
C1076,Joshua Garza,Joshua Garza (C1076)
C1077,Paul Lane,Paul Lane (C1077)
C1078,Russell Nelson,Russell Nelson (C1078)
C1079,Louis Austin,Louis Austin (C1079)
C1080,Carl Nguyen,Carl Nguyen (C1080)
C1081,Brian Murphy,Brian Murphy (C1081)
C1082,Martin Berry,Martin Berry (C1082)
C1083,Aaron Cruz,Aaron Cruz (C1083)
C1084,Benjamin Ryan,Benjamin Ryan (C1084)
C1085,Phillip Peters,Phillip Peters (C1085)
C1086,Phillip Webb,Phillip Webb (C1086)
C1087,Frank Mason,Frank Mason (C1087)
C1088,Mark Montgomery,Mark Montgomery (C1088)
C1089,Arthur Webb,Arthur Webb (C1089)
C1090,Fred Romero,Fred Romero (C1090)
C1091,Jason Duncan,Jason Duncan (C1091)
C1092,Roger Elliott,Roger Elliott (C1092)
C1093,Raymond Hall,Raymond Hall (C1093)
C1094,Charles Montgomery,Charles Montgomery (C1094)
C1095,Bobby Coleman,Bobby Coleman (C1095)
C1096,Antonio Nelson,Antonio Nelson (C1096)
C1097,Eric Armstrong,Eric Armstrong (C1097)
C1098,Jesse Hill,Jesse Hill (C1098)
C1099,Johnny Hawkins,Johnny Hawkins (C1099)
C1100,Stephen Reynolds,Stephen Reynolds (C1100)
C1101,Billy Miller,Billy Miller (C1101)
C1102,Raymond Fields,Raymond Fields (C1102)
C1103,John Robertson,John Robertson (C1103)
C1104,Patrick Brown,Patrick Brown (C1104)
C1105,William Medina,William Medina (C1105)
C1106,Alan Thomas,Alan Thomas (C1106)
C1107,Adam Thompson,Adam Thompson (C1107)
C1108,Mark Gonzalez,Mark Gonzalez (C1108)
C1109,Earl Robinson,Earl Robinson (C1109)
C1110,Victor Lopez,Victor Lopez (C1110)
C1111,Bobby Burton,Bobby Burton (C1111)
C1112,James Armstrong,James Armstrong (C1112)
C1113,Steve Wells,Steve Wells (C1113)
C1114,Jerry Andrews,Jerry Andrews (C1114)
C1115,David Mendoza,David Mendoza (C1115)
C1116,Eugene Scott,Eugene Scott (C1116)
C1117,Ralph Wood,Ralph Wood (C1117)
C1118,Jesse Barnes,Jesse Barnes (C1118)
C1119,Benjamin Lynch,Benjamin Lynch (C1119)
C1120,Victor Gray,Victor Gray (C1120)
C1121,Jesse Graham,Jesse Graham (C1121)
C1122,Harry Daniels,Harry Daniels (C1122)
C1123,Christopher Kim,Christopher Kim (C1123)
C1124,Benjamin Ryan,Benjamin Ryan (C1124)
C1125,Juan Cruz,Juan Cruz (C1125)
C1126,Joshua Anderson,Joshua Anderson (C1126)
C1127,Samuel Price,Samuel Price (C1127)
C1128,Scott Allen,Scott Allen (C1128)
C1129,Roger Alexander,Roger Alexander (C1129)
C1130,David Mendoza,David Mendoza (C1130)
C1131,Jason Hudson,Jason Hudson (C1131)
C1132,Joe Fuller,Joe Fuller (C1132)
C1133,Roger Tucker,Roger Tucker (C1133)
C1134,Aaron Day,Aaron Day (C1134)
C1135,Michael Reed,Michael Reed (C1135)
C1136,Justin Butler,Justin Butler (C1136)
C1137,Brandon Wood,Brandon Wood (C1137)
C1138,Charles Perry,Charles Perry (C1138)
C1139,Aaron Tucker,Aaron Tucker (C1139)
C1140,Andrew Hansen,Andrew Hansen (C1140)
C1141,Albert Jacobs,Albert Jacobs (C1141)
C1142,Daniel Perry,Daniel Perry (C1142)
C1143,Ronald Bradley,Ronald Bradley (C1143)
C1144,Carlos Reed,Carlos Reed (C1144)
C1145,Kevin Willis,Kevin Willis (C1145)
C1146,Terry Richards,Terry Richards (C1146)
C1147,Thomas Hawkins,Thomas Hawkins (C1147)
C1148,Shawn Torres,Shawn Torres (C1148)
C1149,Jesse Hill,Jesse Hill (C1149)
C1150,Adam Bailey,Adam Bailey (C1150)
C1151,Shawn Ramos,Shawn Ramos (C1151)
C1152,Frank Webb,Frank Webb (C1152)
C1153,Brandon Diaz,Brandon Diaz (C1153)
C1154,Lawrence Watson,Lawrence Watson (C1154)
C1155,Daniel Barnes,Daniel Barnes (C1155)
C1156,Steven Hayes,Steven Hayes (C1156)
C1157,Clarence Freeman,Clarence Freeman (C1157)
C1158,Terry Morris,Terry Morris (C1158)
C1159,Wayne Stone,Wayne Stone (C1159)
C1160,Michael Thomas,Michael Thomas (C1160)
C1161,Mark Montgomery,Mark Montgomery (C1161)
C1162,Frank Ortiz,Frank Ortiz (C1162)
C1163,Shawn Wallace,Shawn Wallace (C1163)
C1164,Roger Elliott,Roger Elliott (C1164)
C1165,Victor Hughes,Victor Hughes (C1165)
C1166,Jesse Evans,Jesse Evans (C1166)
C1167,Aaron Miller,Aaron Miller (C1167)
C1168,Keith Campbell,Keith Campbell (C1168)
C1169,Edward Walker,Edward Walker (C1169)
C1170,Steve Stewart,Steve Stewart (C1170)
C1171,Billy Adams,Billy Adams (C1171)
C1172,George Stanley,George Stanley (C1172)
C1173,Steven Owens,Steven Owens (C1173)
C1174,Sean Snyder,Sean Snyder (C1174)
C1175,Phillip Coleman,Phillip Coleman (C1175)
C1176,Ronald Anderson,Ronald Anderson (C1176)
C1177,Jack Stevens,Jack Stevens (C1177)
C1178,Richard Peters,Richard Peters (C1178)
C1179,David Wilson,David Wilson (C1179)
C1180,Steven Mccoy,Steven Mccoy (C1180)
C1181,Raymond Alexander,Raymond Alexander (C1181)
C1182,Martin Olson,Martin Olson (C1182)
C1183,Paul Holmes,Paul Holmes (C1183)
C1184,Adam White,Adam White (C1184)
C1185,Phillip Edwards,Phillip Edwards (C1185)
C1186,Bruce Porter,Bruce Porter (C1186)
C1187,Billy West,Billy West (C1187)
C1188,Michael Cole,Michael Cole (C1188)
C1189,Ralph Wood,Ralph Wood (C1189)
C1190,Steve Tucker,Steve Tucker (C1190)
C1191,Terry Richards,Terry Richards (C1191)
C1192,Michael Austin,Michael Austin (C1192)
C1193,Antonio Frazier,Antonio Frazier (C1193)
C1194,Clarence Kelley,Clarence Kelley (C1194)
C1195,Steven Hayes,Steven Hayes (C1195)
C1196,Edward Williams,Edward Williams (C1196)
C1197,Nicholas Simmons,Nicholas Simmons (C1197)
C1198,Jason Ross,Jason Ross (C1198)
C1199,David Wheeler,David Wheeler (C1199)
C1200,John Brooks,John Brooks (C1200)
C1201,Ernest Rivera,Ernest Rivera (C1201)
C1202,Todd Price,Todd Price (C1202)
C1203,Joshua Brooks,Joshua Brooks (C1203)
C1204,Henry Boyd,Henry Boyd (C1204)
C1205,Wayne Hunter,Wayne Hunter (C1205)
C1206,Antonio Cooper,Antonio Cooper (C1206)
C1207,Johnny Hawkins,Johnny Hawkins (C1207)
C1208,Timothy Lawrence,Timothy Lawrence (C1208)
C1209,Jesse Hill,Jesse Hill (C1209)
C1210,Gregory Welch,Gregory Welch (C1210)
C1211,Jesse Castillo,Jesse Castillo (C1211)
C1212,Andrew Adams,Andrew Adams (C1212)
C1213,Christopher Hudson,Christopher Hudson (C1213)
C1214,Clarence Austin,Clarence Austin (C1214)
C1215,Aaron Cruz,Aaron Cruz (C1215)
C1216,James Simmons,James Simmons (C1216)
C1217,Joe Price,Joe Price (C1217)
C1218,Victor Scott,Victor Scott (C1218)
C1219,Jack Howell,Jack Howell (C1219)
C1220,Eric Bradley,Eric Bradley (C1220)
C1221,Peter Cook,Peter Cook (C1221)
C1222,Billy Olson,Billy Olson (C1222)
C1223,Jack Stevens,Jack Stevens (C1223)
C1224,Ralph Richardson,Ralph Richardson (C1224)
C1225,Jose Ellis,Jose Ellis (C1225)
C1226,Ernest Fox,Ernest Fox (C1226)
C1227,Harry Castillo,Harry Castillo (C1227)
C1228,Steve Miller,Steve Miller (C1228)
C1229,Mark Gonzalez,Mark Gonzalez (C1229)
C1230,Christopher Wright,Christopher Wright (C1230)
C1231,Matthew Lewis,Matthew Lewis (C1231)
C1232,Wayne Stewart,Wayne Stewart (C1232)
C1233,Billy Olson,Billy Olson (C1233)
C1234,Shawn Stephens,Shawn Stephens (C1234)
C1235,Victor Martinez,Victor Martinez (C1235)
C1236,Paul Richardson,Paul Richardson (C1236)
C1237,Terry Payne,Terry Payne (C1237)
C1238,Billy Nelson,Billy Nelson (C1238)
C1239,Martin Olson,Martin Olson (C1239)
C1240,Clarence Freeman,Clarence Freeman (C1240)
C1241,Jeremy Wilson,Jeremy Wilson (C1241)
C1242,Samuel Fowler,Samuel Fowler (C1242)
C1243,Ronald Burns,Ronald Burns (C1243)
C1244,Victor Lopez,Victor Lopez (C1244)
C1245,Terry Mills,Terry Mills (C1245)
C1246,Jesse Hill,Jesse Hill (C1246)
C1247,Fred Russell,Fred Russell (C1247)
C1248,Harold Matthews,Harold Matthews (C1248)
C1249,Wayne Ortiz,Wayne Ortiz (C1249)
C1250,Alan Scott,Alan Scott (C1250)
C1251,Anthony Fisher,Anthony Fisher (C1251)
C1252,Christopher Arnold,Christopher Arnold (C1252)
C1253,Lawrence Kelly,Lawrence Kelly (C1253)
C1254,Howard Harrison,Howard Harrison (C1254)
C1255,Jonathan Moreno,Jonathan Moreno (C1255)
C1256,Roger Alexander,Roger Alexander (C1256)
C1257,James Armstrong,James Armstrong (C1257)
C1258,Stephen Webb,Stephen Webb (C1258)
C1259,Phillip Webb,Phillip Webb (C1259)
C1260,Steven Martinez,Steven Martinez (C1260)
C1261,Andrew James,Andrew James (C1261)
C1262,Matthew Fernandez,Matthew Fernandez (C1262)
C1263,Michael Mills,Michael Mills (C1263)
C1264,Keith Moore,Keith Moore (C1264)
C1265,Michael Ward,Michael Ward (C1265)
C1266,Chris Chapman,Chris Chapman (C1266)
C1267,Matthew Fernandez,Matthew Fernandez (C1267)
C1268,Peter Warren,Peter Warren (C1268)
C1269,Steven Hayes,Steven Hayes (C1269)
C1270,Joe Baker,Joe Baker (C1270)
C1271,Stephen Larson,Stephen Larson (C1271)
C1272,Juan Hunt,Juan Hunt (C1272)
C1273,Henry Kelley,Henry Kelley (C1273)
C1274,Adam Hernandez,Adam Hernandez (C1274)
C1275,Willie Day,Willie Day (C1275)
C1276,George Hill,George Hill (C1276)
C1277,Peter Cook,Peter Cook (C1277)
C1278,Johnny Butler,Johnny Butler (C1278)
C1279,Eugene Sims,Eugene Sims (C1279)
C1280,William James,William James (C1280)
C1281,Jack Stevens,Jack Stevens (C1281)
C1282,Chris Howard,Chris Howard (C1282)
C1283,Charles Hughes,Charles Hughes (C1283)
C1284,Ralph Richardson,Ralph Richardson (C1284)
C1285,Anthony Little,Anthony Little (C1285)
C1286,Bobby Hughes,Bobby Hughes (C1286)
C1287,Aaron Johnson,Aaron Johnson (C1287)
C1288,Jeffrey Phillips,Jeffrey Phillips (C1288)
C1289,Mark Elliott,Mark Elliott (C1289)
C1290,Thomas Holmes,Thomas Holmes (C1290)
C1291,Bobby Hughes,Bobby Hughes (C1291)
C1292,Joe Griffin,Joe Griffin (C1292)
C1293,Kenneth Ross,Kenneth Ross (C1293)
C1294,Henry Boyd,Henry Boyd (C1294)
C1295,Steve Bennett,Steve Bennett (C1295)
C1296,Scott Gordon,Scott Gordon (C1296)
C1297,Joshua Brooks,Joshua Brooks (C1297)
C1298,Edward Mason,Edward Mason (C1298)
C1299,Gregory Welch,Gregory Welch (C1299)
C1300,Steve Miller,Steve Miller (C1300)
C1301,James Simmons,James Simmons (C1301)
C1302,Anthony Berry,Anthony Berry (C1302)
C1303,Keith Murphy,Keith Murphy (C1303)
C1304,Fred Russell,Fred Russell (C1304)
C1305,Paul Taylor,Paul Taylor (C1305)
C1306,Shawn Stephens,Shawn Stephens (C1306)
C1307,Sean Woods,Sean Woods (C1307)
C1308,Michael Cole,Michael Cole (C1308)
C1309,Daniel Carroll,Daniel Carroll (C1309)
C1310,Billy Cook,Billy Cook (C1310)
C1311,Eugene Castillo,Eugene Castillo (C1311)
C1312,Antonio Cooper,Antonio Cooper (C1312)
C1313,Jonathan Harris,Jonathan Harris (C1313)
C1314,Raymond Young,Raymond Young (C1314)
C1315,Patrick Rivera,Patrick Rivera (C1315)
C1316,Adam Hernandez,Adam Hernandez (C1316)
C1317,Ronald Barnes,Ronald Barnes (C1317)
C1318,Randy Hayes,Randy Hayes (C1318)
C1319,Charles Richards,Charles Richards (C1319)
C1320,Anthony Turner,Anthony Turner (C1320)
C1321,Andrew Graham,Andrew Graham (C1321)
C1322,Juan Rivera,Juan Rivera (C1322)
C1323,Victor Chapman,Victor Chapman (C1323)
C1324,Jesse Hernandez,Jesse Hernandez (C1324)
C1325,Walter Baker,Walter Baker (C1325)
C1326,Donald Stanley,Donald Stanley (C1326)
C1327,Andrew Robinson,Andrew Robinson (C1327)
C1328,Peter Boyd,Peter Boyd (C1328)
C1329,Stephen Reynolds,Stephen Reynolds (C1329)
C1330,Roy Shaw,Roy Shaw (C1330)
C1331,Sean Black,Sean Black (C1331)
C1332,Brian Hunter,Brian Hunter (C1332)
C1333,Keith Jordan,Keith Jordan (C1333)
C1334,Philip Bailey,Philip Bailey (C1334)
C1335,Louis Mccoy,Louis Mccoy (C1335)
C1336,Andrew Graham,Andrew Graham (C1336)
C1337,Eric Bowman,Eric Bowman (C1337)
C1338,Thomas Hawkins,Thomas Hawkins (C1338)
C1339,Billy West,Billy West (C1339)
C1340,Jimmy Morrison,Jimmy Morrison (C1340)
C1341,Patrick Graham,Patrick Graham (C1341)
C1342,Philip Burton,Philip Burton (C1342)
C1343,Eric Armstrong,Eric Armstrong (C1343)
C1344,Paul Richardson,Paul Richardson (C1344)
C1345,Andrew Butler,Andrew Butler (C1345)
C1346,Paul Henderson,Paul Henderson (C1346)
C1347,Fred Jenkins,Fred Jenkins (C1347)
C1348,Fred Reid,Fred Reid (C1348)
C1349,Eric Ward,Eric Ward (C1349)
C1350,Douglas Franklin,Douglas Franklin (C1350)
C1351,Paul Johnson,Paul Johnson (C1351)
C1352,Michael Lane,Michael Lane (C1352)
C1353,Adam Alexander,Adam Alexander (C1353)
C1354,Fred Russell,Fred Russell (C1354)
C1355,William Franklin,William Franklin (C1355)
C1356,Frank Mason,Frank Mason (C1356)
C1357,Christopher Miller,Christopher Miller (C1357)
C1358,Steven Howard,Steven Howard (C1358)
C1359,Antonio Shaw,Antonio Shaw (C1359)
C1360,Bruce King,Bruce King (C1360)
C1361,Todd Price,Todd Price (C1361)
C1362,Victor Ramos,Victor Ramos (C1362)
C1363,Roger Alexander,Roger Alexander (C1363)
C1364,Jeffrey Sanders,Jeffrey Sanders (C1364)
C1365,Henry Harper,Henry Harper (C1365)
C1366,Ralph Banks,Ralph Banks (C1366)
C1367,Nicholas Garcia,Nicholas Garcia (C1367)
C1368,Jerry Andrews,Jerry Andrews (C1368)
C1369,Brian Murphy,Brian Murphy (C1369)
C1370,Ernest Knight,Ernest Knight (C1370)
C1371,David Ford,David Ford (C1371)
C1372,Keith Schmidt,Keith Schmidt (C1372)
C1373,Philip Cunningham,Philip Cunningham (C1373)
C1374,Mark Morales,Mark Morales (C1374)
C1375,Ronald Bradley,Ronald Bradley (C1375)
C1376,Steven Carr,Steven Carr (C1376)
C1377,Ralph Cooper,Ralph Cooper (C1377)
C1378,Shawn Cook,Shawn Cook (C1378)
C1379,Roy Scott,Roy Scott (C1379)
C1380,Jesse Hill,Jesse Hill (C1380)
C1381,Terry Watson,Terry Watson (C1381)
C1382,Mark Lee,Mark Lee (C1382)
C1383,Shawn Wallace,Shawn Wallace (C1383)
C1384,Nicholas Stanley,Nicholas Stanley (C1384)
C1385,Victor Martinez,Victor Martinez (C1385)
C1386,John Long,John Long (C1386)
C1387,Justin Romero,Justin Romero (C1387)
C1388,Jason Murphy,Jason Murphy (C1388)
C1389,Henry Andrews,Henry Andrews (C1389)
C1390,Billy Miller,Billy Miller (C1390)
C1391,Arthur Gilbert,Arthur Gilbert (C1391)
C1392,Paul Carpenter,Paul Carpenter (C1392)
C1393,John Brooks,John Brooks (C1393)
C1394,Joe Price,Joe Price (C1394)
C1395,Bruce Butler,Bruce Butler (C1395)
C1396,Harry Perkins,Harry Perkins (C1396)
C1397,Paul Johnson,Paul Johnson (C1397)
C1398,Kenneth Dunn,Kenneth Dunn (C1398)
C1399,Richard Peterson,Richard Peterson (C1399)
C1400,Alan Sims,Alan Sims (C1400)
C1401,Phillip Carpenter,Phillip Carpenter (C1401)
C1402,Howard Lewis,Howard Lewis (C1402)
C1403,Antonio Dixon,Antonio Dixon (C1403)
C1404,Carlos Kim,Carlos Kim (C1404)
C1405,Walter Harris,Walter Harris (C1405)
C1406,Peter Boyd,Peter Boyd (C1406)
C1407,Albert Rice,Albert Rice (C1407)
C1408,Samuel Palmer,Samuel Palmer (C1408)
C1409,Eugene Brooks,Eugene Brooks (C1409)
C1410,Eugene Murphy,Eugene Murphy (C1410)
C1411,Raymond Allen,Raymond Allen (C1411)
C1412,Frank Brown,Frank Brown (C1412)
C1413,Christopher Nguyen,Christopher Nguyen (C1413)
C1414,Keith Stephens,Keith Stephens (C1414)
C1415,Douglas Foster,Douglas Foster (C1415)
C1416,Howard Lynch,Howard Lynch (C1416)
C1417,Eric Bowman,Eric Bowman (C1417)
C1418,Jeremy Schmidt,Jeremy Schmidt (C1418)
C1419,Eugene Cunningham,Eugene Cunningham (C1419)
C1420,Clarence Warren,Clarence Warren (C1420)
C1421,Patrick Hall,Patrick Hall (C1421)
C1422,Jose Riley,Jose Riley (C1422)
C1423,Keith Stephens,Keith Stephens (C1423)
C1424,Benjamin Lynch,Benjamin Lynch (C1424)
C1425,Peter Warren,Peter Warren (C1425)
C1426,Matthew Lewis,Matthew Lewis (C1426)
C1427,Adam Bailey,Adam Bailey (C1427)
C1428,Alan Gomez,Alan Gomez (C1428)
C1429,Ralph Olson,Ralph Olson (C1429)
C1430,Ernest Austin,Ernest Austin (C1430)
C1431,Billy Evans,Billy Evans (C1431)
C1432,Peter Freeman,Peter Freeman (C1432)
C1433,Carlos Wheeler,Carlos Wheeler (C1433)
C1434,Christopher Nguyen,Christopher Nguyen (C1434)
C1435,Justin Butler,Justin Butler (C1435)
C1436,Ronald Arnold,Ronald Arnold (C1436)
C1437,Steve Barnes,Steve Barnes (C1437)
C1438,Ryan Bailey,Ryan Bailey (C1438)
C1439,Matthew Walker,Matthew Walker (C1439)
C1440,Brian Warren,Brian Warren (C1440)
C1441,Eugene Cunningham,Eugene Cunningham (C1441)
C1442,Phillip Morrison,Phillip Morrison (C1442)
C1443,Lawrence Kelly,Lawrence Kelly (C1443)
C1444,Jack Reid,Jack Reid (C1444)
C1445,Philip Bailey,Philip Bailey (C1445)
C1446,Brandon Wright,Brandon Wright (C1446)
C1447,Sean Snyder,Sean Snyder (C1447)
C1448,Adam Hunter,Adam Hunter (C1448)
C1449,Nicholas Cunningham,Nicholas Cunningham (C1449)
C1450,Jesse Barnes,Jesse Barnes (C1450)
C1451,Nicholas Williamson,Nicholas Williamson (C1451)
C1452,Joshua Anderson,Joshua Anderson (C1452)
C1453,Brandon Dixon,Brandon Dixon (C1453)
C1454,Arthur Webb,Arthur Webb (C1454)
C1455,Eugene Scott,Eugene Scott (C1455)
C1456,Raymond Alexander,Raymond Alexander (C1456)
C1457,Shawn Day,Shawn Day (C1457)
C1458,Richard Hudson,Richard Hudson (C1458)
C1459,Todd Roberts,Todd Roberts (C1459)
C1460,Joseph Lopez,Joseph Lopez (C1460)
C1461,Aaron Miller,Aaron Miller (C1461)
C1462,Thomas Gonzales,Thomas Gonzales (C1462)
C1463,Joshua Watkins,Joshua Watkins (C1463)
C1464,Jason Gray,Jason Gray (C1464)
C1465,John Long,John Long (C1465)
C1466,Peter Gray,Peter Gray (C1466)
C1467,James Armstrong,James Armstrong (C1467)
C1468,Adam Hernandez,Adam Hernandez (C1468)
C1469,William Franklin,William Franklin (C1469)
C1470,Sean Knight,Sean Knight (C1470)
C1471,Shawn Scott,Shawn Scott (C1471)
C1472,Jeffrey Carpenter,Jeffrey Carpenter (C1472)
C1473,James Fisher,James Fisher (C1473)
C1474,Sean Kelly,Sean Kelly (C1474)
C1475,Benjamin Kim,Benjamin Kim (C1475)
C1476,Larry Ross,Larry Ross (C1476)
C1477,Carlos Hunt,Carlos Hunt (C1477)
C1478,Thomas Holmes,Thomas Holmes (C1478)
C1479,Joshua Garza,Joshua Garza (C1479)
C1480,Matthew Lewis,Matthew Lewis (C1480)
C1481,Stephen Cook,Stephen Cook (C1481)
C1482,Shawn Fields,Shawn Fields (C1482)
C1483,Mark Gonzalez,Mark Gonzalez (C1483)
C1484,Christopher Kim,Christopher Kim (C1484)
C1485,Raymond Fields,Raymond Fields (C1485)
C1486,Wayne Williams,Wayne Williams (C1486)
C1487,Dennis Myers,Dennis Myers (C1487)
C1488,Samuel Palmer,Samuel Palmer (C1488)
C1489,Peter Boyd,Peter Boyd (C1489)
C1490,Kenneth Arnold,Kenneth Arnold (C1490)
C1491,Clarence Austin,Clarence Austin (C1491)
C1492,Raymond Burke,Raymond Burke (C1492)
C1493,Stephen Greene,Stephen Greene (C1493)
C1494,Jack Reid,Jack Reid (C1494)
C1495,Henry Elliott,Henry Elliott (C1495)
C1496,Carl Anderson,Carl Anderson (C1496)
C1497,Brandon Diaz,Brandon Diaz (C1497)
C1498,Keith Campbell,Keith Campbell (C1498)
C1499,Stephen Greene,Stephen Greene (C1499)
C1500,Frank Brown,Frank Brown (C1500)
C1501,Earl Ortiz,Earl Ortiz (C1501)
C1502,Samuel Stewart,Samuel Stewart (C1502)
C1503,Patrick Graham,Patrick Graham (C1503)
C1504,William Hawkins,William Hawkins (C1504)
C1505,Jose Watson,Jose Watson (C1505)
C1506,Victor Rogers,Victor Rogers (C1506)
C1507,Donald Andrews,Donald Andrews (C1507)
C1508,Matthew Smith,Matthew Smith (C1508)
C1509,Louis Harris,Louis Harris (C1509)
C1510,Arthur Roberts,Arthur Roberts (C1510)
C1511,Fred Howell,Fred Howell (C1511)
C1512,Nicholas Ward,Nicholas Ward (C1512)
C1513,Henry Andrews,Henry Andrews (C1513)
C1514,Steve Diaz,Steve Diaz (C1514)
C1515,Gerald Reyes,Gerald Reyes (C1515)
C1516,Shawn Owens,Shawn Owens (C1516)
C1517,Gregory Chapman,Gregory Chapman (C1517)
C1518,Scott Allen,Scott Allen (C1518)
C1519,Mark Elliott,Mark Elliott (C1519)
C1520,Antonio Shaw,Antonio Shaw (C1520)
C1521,Philip Cunningham,Philip Cunningham (C1521)
C1522,Thomas Gonzales,Thomas Gonzales (C1522)
C1523,Johnny Martinez,Johnny Martinez (C1523)
C1524,David Olson,David Olson (C1524)
C1525,Mark Simmons,Mark Simmons (C1525)
C1526,Juan Rivera,Juan Rivera (C1526)
C1527,Lawrence Watson,Lawrence Watson (C1527)
C1528,Jose Griffin,Jose Griffin (C1528)
C1529,Walter Harris,Walter Harris (C1529)
C1530,Bruce Armstrong,Bruce Armstrong (C1530)
C1531,Richard Hudson,Richard Hudson (C1531)
C1532,Stephen Kelly,Stephen Kelly (C1532)
C1533,Paul Holmes,Paul Holmes (C1533)
C1534,Alan Sims,Alan Sims (C1534)
C1535,Samuel Stewart,Samuel Stewart (C1535)
C1536,Frank Brown,Frank Brown (C1536)
C1537,Nicholas Williamson,Nicholas Williamson (C1537)
C1538,Ralph Richardson,Ralph Richardson (C1538)
C1539,William Carpenter,William Carpenter (C1539)
C1540,Sean Woods,Sean Woods (C1540)
C1541,Mark Spencer,Mark Spencer (C1541)
C1542,Douglas Wallace,Douglas Wallace (C1542)
C1543,Aaron Miller,Aaron Miller (C1543)
C1544,Ralph Willis,Ralph Willis (C1544)
C1545,Willie Mason,Willie Mason (C1545)
C1546,David Mendoza,David Mendoza (C1546)
C1547,Bruce Oliver,Bruce Oliver (C1547)
C1548,Aaron Carr,Aaron Carr (C1548)
C1549,Harry Hudson,Harry Hudson (C1549)
C1550,Jeremy Porter,Jeremy Porter (C1550)
C1551,Samuel Fowler,Samuel Fowler (C1551)
C1552,Robert Price,Robert Price (C1552)
C1553,Steven Mccoy,Steven Mccoy (C1553)
C1554,Keith Stephens,Keith Stephens (C1554)
C1555,Ralph Davis,Ralph Davis (C1555)
C1556,Victor Lawson,Victor Lawson (C1556)
C1557,Ralph Jacobs,Ralph Jacobs (C1557)
C1558,Robert Ferguson,Robert Ferguson (C1558)
C1559,Joe Griffin,Joe Griffin (C1559)
C1560,Bruce Butler,Bruce Butler (C1560)
C1561,Eric Alvarez,Eric Alvarez (C1561)
C1562,Edward Mason,Edward Mason (C1562)
C1563,Richard Peterson,Richard Peterson (C1563)
C1564,Joseph Warren,Joseph Warren (C1564)
C1565,Ernest Rivera,Ernest Rivera (C1565)
C1566,Aaron Mills,Aaron Mills (C1566)
C1567,Juan Lawrence,Juan Lawrence (C1567)
C1568,Jesse Alvarez,Jesse Alvarez (C1568)
C1569,Jason Murphy,Jason Murphy (C1569)
C1570,Jimmy Grant,Jimmy Grant (C1570)
C1571,Russell Bailey,Russell Bailey (C1571)
C1572,Andrew Robinson,Andrew Robinson (C1572)
C1573,Michael Mills,Michael Mills (C1573)
C1574,Bobby Willis,Bobby Willis (C1574)
C1575,James Simmons,James Simmons (C1575)
C1576,Charles Fields,Charles Fields (C1576)
C1577,Fred Russell,Fred Russell (C1577)
C1578,Benjamin Vasquez,Benjamin Vasquez (C1578)
C1579,Keith James,Keith James (C1579)
C1580,Gregory Welch,Gregory Welch (C1580)
C1581,Antonio Frazier,Antonio Frazier (C1581)
C1582,William Schmidt,William Schmidt (C1582)
C1583,George Ellis,George Ellis (C1583)
C1584,Ralph Kelley,Ralph Kelley (C1584)
C1585,Paul Holmes,Paul Holmes (C1585)
C1586,Kenneth Dunn,Kenneth Dunn (C1586)
C1587,Samuel Jenkins,Samuel Jenkins (C1587)
C1588,Juan Rivera,Juan Rivera (C1588)
C1589,Arthur Webb,Arthur Webb (C1589)
C1590,Sean Andrews,Sean Andrews (C1590)
C1591,William Schmidt,William Schmidt (C1591)
C1592,Stephen Payne,Stephen Payne (C1592)
C1593,Kevin Gilbert,Kevin Gilbert (C1593)
C1594,Frank Brown,Frank Brown (C1594)
C1595,Carl Collins,Carl Collins (C1595)
C1596,Russell Boyd,Russell Boyd (C1596)
C1597,Kevin Wheeler,Kevin Wheeler (C1597)
C1598,Russell Grant,Russell Grant (C1598)
C1599,Todd Lynch,Todd Lynch (C1599)
C1600,Walter Duncan,Walter Duncan (C1600)
C1601,Jerry Rogers,Jerry Rogers (C1601)
C1602,Donald Andrews,Donald Andrews (C1602)
C1603,Brian Warren,Brian Warren (C1603)
C1604,Billy Gonzales,Billy Gonzales (C1604)
C1605,Terry Morris,Terry Morris (C1605)
C1606,Keith Hamilton,Keith Hamilton (C1606)
C1607,Charles Fields,Charles Fields (C1607)
C1608,Jesse Castillo,Jesse Castillo (C1608)
C1609,Peter Bradley,Peter Bradley (C1609)
C1610,Richard Jordan,Richard Jordan (C1610)
C1611,Keith Murray,Keith Murray (C1611)
C1612,William Medina,William Medina (C1612)
C1613,Edward Williams,Edward Williams (C1613)
C1614,Ernest Bradley,Ernest Bradley (C1614)
C1615,Nicholas Stanley,Nicholas Stanley (C1615)
C1616,Ryan Price,Ryan Price (C1616)
C1617,Carlos Stewart,Carlos Stewart (C1617)
C1618,Jose Ellis,Jose Ellis (C1618)
C1619,George Adams,George Adams (C1619)
C1620,Fred Jenkins,Fred Jenkins (C1620)
C1621,Chris Hall,Chris Hall (C1621)
C1622,Gary Baker,Gary Baker (C1622)
C1623,Jesse Evans,Jesse Evans (C1623)
C1624,Kevin Willis,Kevin Willis (C1624)
C1625,Bobby Murray,Bobby Murray (C1625)
C1626,Walter Baker,Walter Baker (C1626)
C1627,Ronald Burns,Ronald Burns (C1627)
C1628,David Garrett,David Garrett (C1628)
C1629,Paul Taylor,Paul Taylor (C1629)
C1630,Philip Bailey,Philip Bailey (C1630)
C1631,Michael Thomas,Michael Thomas (C1631)
C1632,Howard Lewis,Howard Lewis (C1632)
C1633,Gerald Andrews,Gerald Andrews (C1633)
C1634,Bruce Armstrong,Bruce Armstrong (C1634)
C1635,Timothy Bowman,Timothy Bowman (C1635)
C1636,Jeremy Porter,Jeremy Porter (C1636)
C1637,Robert Carr,Robert Carr (C1637)
C1638,Victor Chapman,Victor Chapman (C1638)
C1639,Nicholas Morrison,Nicholas Morrison (C1639)
C1640,Benjamin Morgan,Benjamin Morgan (C1640)
C1641,Charles Bell,Charles Bell (C1641)
C1642,Kenneth Ryan,Kenneth Ryan (C1642)
C1643,Wayne Gordon,Wayne Gordon (C1643)
C1644,Roy Jenkins,Roy Jenkins (C1644)
C1645,Todd Roberts,Todd Roberts (C1645)
C1646,Charles Richards,Charles Richards (C1646)
C1647,Jesse Hernandez,Jesse Hernandez (C1647)
C1648,Jose Riley,Jose Riley (C1648)
C1649,Douglas Kennedy,Douglas Kennedy (C1649)
C1650,Jack Reid,Jack Reid (C1650)
C1651,Ralph Kelley,Ralph Kelley (C1651)
C1652,Carl Martin,Carl Martin (C1652)
C1653,Nicholas Sanders,Nicholas Sanders (C1653)
C1654,Philip Bailey,Philip Bailey (C1654)
C1655,Carlos Miller,Carlos Miller (C1655)
C1656,Carlos Kim,Carlos Kim (C1656)
C1657,Eric Bowman,Eric Bowman (C1657)
C1658,Alan Scott,Alan Scott (C1658)
C1659,Joseph Lopez,Joseph Lopez (C1659)
C1660,Brian Kim,Brian Kim (C1660)
C1661,Howard Moore,Howard Moore (C1661)
C1662,Stephen Webb,Stephen Webb (C1662)
C1663,Fred Reid,Fred Reid (C1663)
C1664,Scott Roberts,Scott Roberts (C1664)
C1665,Kevin Wheeler,Kevin Wheeler (C1665)
C1666,Nicholas Morrison,Nicholas Morrison (C1666)
C1667,Adam Hunter,Adam Hunter (C1667)
C1668,Gerald Andrews,Gerald Andrews (C1668)
C1669,Andrew Robinson,Andrew Robinson (C1669)
C1670,Eugene Brooks,Eugene Brooks (C1670)
C1671,Steve Wells,Steve Wells (C1671)
C1672,Joe Fuller,Joe Fuller (C1672)
C1673,Keith Murphy,Keith Murphy (C1673)
C1674,Jose Williams,Jose Williams (C1674)
C1675,Michael Reed,Michael Reed (C1675)
C1676,Samuel Kim,Samuel Kim (C1676)
C1677,Ernest Austin,Ernest Austin (C1677)
C1678,Jonathan Hawkins,Jonathan Hawkins (C1678)
C1679,Donald Reynolds,Donald Reynolds (C1679)
C1680,Lawrence Kelly,Lawrence Kelly (C1680)
C1681,Gary Hudson,Gary Hudson (C1681)
C1682,Steven Martinez,Steven Martinez (C1682)
C1683,Joe Rose,Joe Rose (C1683)
C1684,Clarence Kelley,Clarence Kelley (C1684)
C1685,James Foster,James Foster (C1685)
C1686,Wayne Rodriguez,Wayne Rodriguez (C1686)
C1687,Anthony Banks,Anthony Banks (C1687)
C1688,Matthew Walker,Matthew Walker (C1688)
C1689,Christopher Ramos,Christopher Ramos (C1689)
C1690,Timothy Howard,Timothy Howard (C1690)
C1691,Douglas Diaz,Douglas Diaz (C1691)
C1692,Gregory Simmons,Gregory Simmons (C1692)
C1693,Thomas Campbell,Thomas Campbell (C1693)
C1694,Thomas Chapman,Thomas Chapman (C1694)
C1695,Thomas Gray,Thomas Gray (C1695)
C1696,Charles Sims,Charles Sims (C1696)
C1697,Adam White,Adam White (C1697)
C1698,Clarence Warren,Clarence Warren (C1698)
C1699,Henry Harper,Henry Harper (C1699)
C1700,Ernest Rivera,Ernest Rivera (C1700)
C1701,Thomas Gonzales,Thomas Gonzales (C1701)
C1702,Roy West,Roy West (C1702)
C1703,Henry Boyd,Henry Boyd (C1703)
C1704,Thomas Gonzales,Thomas Gonzales (C1704)
C1705,Andrew Reynolds,Andrew Reynolds (C1705)
C1706,Anthony Torres,Anthony Torres (C1706)
C1707,Antonio Shaw,Antonio Shaw (C1707)
C1708,William Medina,William Medina (C1708)
C1709,Bobby Jackson,Bobby Jackson (C1709)
C1710,Mark Montgomery,Mark Montgomery (C1710)
C1711,Ronald George,Ronald George (C1711)
C1712,Craig Reyes,Craig Reyes (C1712)
C1713,Louis Torres,Louis Torres (C1713)
C1714,Stephen Webb,Stephen Webb (C1714)
C1715,Thomas Daniels,Thomas Daniels (C1715)
C1716,Jeremy Gomez,Jeremy Gomez (C1716)
C1717,Billy Olson,Billy Olson (C1717)
C1718,Victor Rogers,Victor Rogers (C1718)
C1719,Willie Day,Willie Day (C1719)
C1720,Stephen Cook,Stephen Cook (C1720)
C1721,Juan Cruz,Juan Cruz (C1721)
C1722,Raymond Alexander,Raymond Alexander (C1722)
C1723,Louis Harris,Louis Harris (C1723)
C1724,Ronald Arnold,Ronald Arnold (C1724)
C1725,Joe Hanson,Joe Hanson (C1725)
C1726,Douglas Perkins,Douglas Perkins (C1726)
C1727,Jimmy Andrews,Jimmy Andrews (C1727)
C1728,Joshua Little,Joshua Little (C1728)
C1729,William James,William James (C1729)
C1730,Roger Thompson,Roger Thompson (C1730)
C1731,Andrew Burns,Andrew Burns (C1731)
C1732,Benjamin Garza,Benjamin Garza (C1732)
C1733,William Montgomery,William Montgomery (C1733)
C1734,Robert Price,Robert Price (C1734)
C1735,Craig Reyes,Craig Reyes (C1735)
C1736,Juan Perez,Juan Perez (C1736)
C1737,Martin Johnston,Martin Johnston (C1737)
C1738,Johnny Martinez,Johnny Martinez (C1738)
C1739,Matthew Lewis,Matthew Lewis (C1739)
C1740,Brandon Wood,Brandon Wood (C1740)
C1741,Samuel Price,Samuel Price (C1741)
C1742,Todd George,Todd George (C1742)
C1743,Jeremy Arnold,Jeremy Arnold (C1743)
C1744,Philip Foster,Philip Foster (C1744)
C1745,Jason Hudson,Jason Hudson (C1745)
C1746,Joshua Watkins,Joshua Watkins (C1746)
C1747,Justin Rodriguez,Justin Rodriguez (C1747)
C1748,Anthony Chapman,Anthony Chapman (C1748)
C1749,George Nichols,George Nichols (C1749)
C1750,Patrick Hall,Patrick Hall (C1750)
C1751,David Garrett,David Garrett (C1751)
C1752,David Wheeler,David Wheeler (C1752)
C1753,Andrew Fernandez,Andrew Fernandez (C1753)
C1754,Fred Perez,Fred Perez (C1754)
C1755,Carl Nguyen,Carl Nguyen (C1755)
C1756,Stephen Cook,Stephen Cook (C1756)
C1757,Kenneth Ryan,Kenneth Ryan (C1757)
C1758,Howard Morgan,Howard Morgan (C1758)
C1759,Richard Peters,Richard Peters (C1759)
C1760,Christopher Johnston,Christopher Johnston (C1760)
C1761,Chris Fuller,Chris Fuller (C1761)
C1762,Juan Harvey,Juan Harvey (C1762)
C1763,Gary Porter,Gary Porter (C1763)
C1764,Charles Perry,Charles Perry (C1764)
C1765,Timothy Howard,Timothy Howard (C1765)
C1766,Frank Gibson,Frank Gibson (C1766)
C1767,David Wilson,David Wilson (C1767)
C1768,Scott Rice,Scott Rice (C1768)
C1769,Bobby Black,Bobby Black (C1769)
C1770,Aaron Johnson,Aaron Johnson (C1770)
C1771,Bobby Hughes,Bobby Hughes (C1771)
C1772,Michael Hill,Michael Hill (C1772)
C1773,Martin Johnston,Martin Johnston (C1773)
C1774,Joe Bryant,Joe Bryant (C1774)
C1775,Arthur Reid,Arthur Reid (C1775)
C1776,Wayne Stone,Wayne Stone (C1776)
C1777,Steven Martinez,Steven Martinez (C1777)
C1778,Anthony Parker,Anthony Parker (C1778)
C1779,Martin Reyes,Martin Reyes (C1779)
C1780,James Armstrong,James Armstrong (C1780)
C1781,Jack Jackson,Jack Jackson (C1781)
C1782,Anthony Parker,Anthony Parker (C1782)
C1783,Charles Sims,Charles Sims (C1783)
C1784,Dennis Myers,Dennis Myers (C1784)
C1785,Scott Rice,Scott Rice (C1785)
C1786,Anthony Turner,Anthony Turner (C1786)
C1787,Eric Bradley,Eric Bradley (C1787)
C1788,Phillip Webb,Phillip Webb (C1788)
C1789,Johnny Ward,Johnny Ward (C1789)
C1790,Steven Nichols,Steven Nichols (C1790)
C1791,Bruce Bowman,Bruce Bowman (C1791)
C1792,Christopher Weaver,Christopher Weaver (C1792)
C1793,Shawn Ramos,Shawn Ramos (C1793)
C1794,Peter Gilbert,Peter Gilbert (C1794)
C1795,Jeremy Peterson,Jeremy Peterson (C1795)
C1796,Bobby Coleman,Bobby Coleman (C1796)
C1797,Jason Ross,Jason Ross (C1797)
C1798,Shawn Torres,Shawn Torres (C1798)
C1799,Michael Austin,Michael Austin (C1799)
C1800,Mark Simmons,Mark Simmons (C1800)
