Date,Year,Quarter,MonthNumber,MonthName,MonthShort,YearMonth,Week,Day
2021-01-01,2021,Q1,1,January,Jan,2021-01,53,1
2021-01-02,2021,Q1,1,January,Jan,2021-01,53,2
2021-01-03,2021,Q1,1,January,Jan,2021-01,53,3
2021-01-04,2021,Q1,1,January,Jan,2021-01,1,4
2021-01-05,2021,Q1,1,January,Jan,2021-01,1,5
2021-01-06,2021,Q1,1,January,Jan,2021-01,1,6
2021-01-07,2021,Q1,1,January,Jan,2021-01,1,7
2021-01-08,2021,Q1,1,January,Jan,2021-01,1,8
2021-01-09,2021,Q1,1,January,Jan,2021-01,1,9
2021-01-10,2021,Q1,1,January,Jan,2021-01,1,10
2021-01-11,2021,Q1,1,January,Jan,2021-01,2,11
2021-01-12,2021,Q1,1,January,Jan,2021-01,2,12
2021-01-13,2021,Q1,1,January,Jan,2021-01,2,13
2021-01-14,2021,Q1,1,January,Jan,2021-01,2,14
2021-01-15,2021,Q1,1,January,Jan,2021-01,2,15
2021-01-16,2021,Q1,1,January,Jan,2021-01,2,16
2021-01-17,2021,Q1,1,January,Jan,2021-01,2,17
2021-01-18,2021,Q1,1,January,Jan,2021-01,3,18
2021-01-19,2021,Q1,1,January,Jan,2021-01,3,19
2021-01-20,2021,Q1,1,January,Jan,2021-01,3,20
2021-01-21,2021,Q1,1,January,Jan,2021-01,3,21
2021-01-22,2021,Q1,1,January,Jan,2021-01,3,22
2021-01-23,2021,Q1,1,January,Jan,2021-01,3,23
2021-01-24,2021,Q1,1,January,Jan,2021-01,3,24
2021-01-25,2021,Q1,1,January,Jan,2021-01,4,25
2021-01-26,2021,Q1,1,January,Jan,2021-01,4,26
2021-01-27,2021,Q1,1,January,Jan,2021-01,4,27
2021-01-28,2021,Q1,1,January,Jan,2021-01,4,28
2021-01-29,2021,Q1,1,January,Jan,2021-01,4,29
2021-01-30,2021,Q1,1,January,Jan,2021-01,4,30
2021-01-31,2021,Q1,1,January,Jan,2021-01,4,31
2021-02-01,2021,Q1,2,February,Feb,2021-02,5,1
2021-02-02,2021,Q1,2,February,Feb,2021-02,5,2
2021-02-03,2021,Q1,2,February,Feb,2021-02,5,3
2021-02-04,2021,Q1,2,February,Feb,2021-02,5,4
2021-02-05,2021,Q1,2,February,Feb,2021-02,5,5
2021-02-06,2021,Q1,2,February,Feb,2021-02,5,6
2021-02-07,2021,Q1,2,February,Feb,2021-02,5,7
2021-02-08,2021,Q1,2,February,Feb,2021-02,6,8
2021-02-09,2021,Q1,2,February,Feb,2021-02,6,9
2021-02-10,2021,Q1,2,February,Feb,2021-02,6,10
2021-02-11,2021,Q1,2,February,Feb,2021-02,6,11
2021-02-12,2021,Q1,2,February,Feb,2021-02,6,12
2021-02-13,2021,Q1,2,February,Feb,2021-02,6,13
2021-02-14,2021,Q1,2,February,Feb,2021-02,6,14
2021-02-15,2021,Q1,2,February,Feb,2021-02,7,15
2021-02-16,2021,Q1,2,February,Feb,2021-02,7,16
2021-02-17,2021,Q1,2,February,Feb,2021-02,7,17
2021-02-18,2021,Q1,2,February,Feb,2021-02,7,18
2021-02-19,2021,Q1,2,February,Feb,2021-02,7,19
2021-02-20,2021,Q1,2,February,Feb,2021-02,7,20
2021-02-21,2021,Q1,2,February,Feb,2021-02,7,21
2021-02-22,2021,Q1,2,February,Feb,2021-02,8,22
2021-02-23,2021,Q1,2,February,Feb,2021-02,8,23
2021-02-24,2021,Q1,2,February,Feb,2021-02,8,24
2021-02-25,2021,Q1,2,February,Feb,2021-02,8,25
2021-02-26,2021,Q1,2,February,Feb,2021-02,8,26
2021-02-27,2021,Q1,2,February,Feb,2021-02,8,27
2021-02-28,2021,Q1,2,February,Feb,2021-02,8,28
2021-03-01,2021,Q1,3,March,Mar,2021-03,9,1
2021-03-02,2021,Q1,3,March,Mar,2021-03,9,2
2021-03-03,2021,Q1,3,March,Mar,2021-03,9,3
2021-03-04,2021,Q1,3,March,Mar,2021-03,9,4
2021-03-05,2021,Q1,3,March,Mar,2021-03,9,5
2021-03-06,2021,Q1,3,March,Mar,2021-03,9,6
2021-03-07,2021,Q1,3,March,Mar,2021-03,9,7
2021-03-08,2021,Q1,3,March,Mar,2021-03,10,8
2021-03-09,2021,Q1,3,March,Mar,2021-03,10,9
2021-03-10,2021,Q1,3,March,Mar,2021-03,10,10
2021-03-11,2021,Q1,3,March,Mar,2021-03,10,11
2021-03-12,2021,Q1,3,March,Mar,2021-03,10,12
2021-03-13,2021,Q1,3,March,Mar,2021-03,10,13
2021-03-14,2021,Q1,3,March,Mar,2021-03,10,14
2021-03-15,2021,Q1,3,March,Mar,2021-03,11,15
2021-03-16,2021,Q1,3,March,Mar,2021-03,11,16
2021-03-17,2021,Q1,3,March,Mar,2021-03,11,17
2021-03-18,2021,Q1,3,March,Mar,2021-03,11,18
2021-03-19,2021,Q1,3,March,Mar,2021-03,11,19
2021-03-20,2021,Q1,3,March,Mar,2021-03,11,20
2021-03-21,2021,Q1,3,March,Mar,2021-03,11,21
2021-03-22,2021,Q1,3,March,Mar,2021-03,12,22
2021-03-23,2021,Q1,3,March,Mar,2021-03,12,23
2021-03-24,2021,Q1,3,March,Mar,2021-03,12,24
2021-03-25,2021,Q1,3,March,Mar,2021-03,12,25
2021-03-26,2021,Q1,3,March,Mar,2021-03,12,26
2021-03-27,2021,Q1,3,March,Mar,2021-03,12,27
2021-03-28,2021,Q1,3,March,Mar,2021-03,12,28
2021-03-29,2021,Q1,3,March,Mar,2021-03,13,29
2021-03-30,2021,Q1,3,March,Mar,2021-03,13,30
2021-03-31,2021,Q1,3,March,Mar,2021-03,13,31
2021-04-01,2021,Q2,4,April,Apr,2021-04,13,1
2021-04-02,2021,Q2,4,April,Apr,2021-04,13,2
2021-04-03,2021,Q2,4,April,Apr,2021-04,13,3
2021-04-04,2021,Q2,4,April,Apr,2021-04,13,4
2021-04-05,2021,Q2,4,April,Apr,2021-04,14,5
2021-04-06,2021,Q2,4,April,Apr,2021-04,14,6
2021-04-07,2021,Q2,4,April,Apr,2021-04,14,7
2021-04-08,2021,Q2,4,April,Apr,2021-04,14,8
2021-04-09,2021,Q2,4,April,Apr,2021-04,14,9
2021-04-10,2021,Q2,4,April,Apr,2021-04,14,10
2021-04-11,2021,Q2,4,April,Apr,2021-04,14,11
2021-04-12,2021,Q2,4,April,Apr,2021-04,15,12
2021-04-13,2021,Q2,4,April,Apr,2021-04,15,13
2021-04-14,2021,Q2,4,April,Apr,2021-04,15,14
2021-04-15,2021,Q2,4,April,Apr,2021-04,15,15
2021-04-16,2021,Q2,4,April,Apr,2021-04,15,16
2021-04-17,2021,Q2,4,April,Apr,2021-04,15,17
2021-04-18,2021,Q2,4,April,Apr,2021-04,15,18
2021-04-19,2021,Q2,4,April,Apr,2021-04,16,19
2021-04-20,2021,Q2,4,April,Apr,2021-04,16,20
2021-04-21,2021,Q2,4,April,Apr,2021-04,16,21
2021-04-22,2021,Q2,4,April,Apr,2021-04,16,22
2021-04-23,2021,Q2,4,April,Apr,2021-04,16,23
2021-04-24,2021,Q2,4,April,Apr,2021-04,16,24
2021-04-25,2021,Q2,4,April,Apr,2021-04,16,25
2021-04-26,2021,Q2,4,April,Apr,2021-04,17,26
2021-04-27,2021,Q2,4,April,Apr,2021-04,17,27
2021-04-28,2021,Q2,4,April,Apr,2021-04,17,28
2021-04-29,2021,Q2,4,April,Apr,2021-04,17,29
2021-04-30,2021,Q2,4,April,Apr,2021-04,17,30
2021-05-01,2021,Q2,5,May,May,2021-05,17,1
2021-05-02,2021,Q2,5,May,May,2021-05,17,2
2021-05-03,2021,Q2,5,May,May,2021-05,18,3
2021-05-04,2021,Q2,5,May,May,2021-05,18,4
2021-05-05,2021,Q2,5,May,May,2021-05,18,5
2021-05-06,2021,Q2,5,May,May,2021-05,18,6
2021-05-07,2021,Q2,5,May,May,2021-05,18,7
2021-05-08,2021,Q2,5,May,May,2021-05,18,8
2021-05-09,2021,Q2,5,May,May,2021-05,18,9
2021-05-10,2021,Q2,5,May,May,2021-05,19,10
2021-05-11,2021,Q2,5,May,May,2021-05,19,11
2021-05-12,2021,Q2,5,May,May,2021-05,19,12
2021-05-13,2021,Q2,5,May,May,2021-05,19,13
2021-05-14,2021,Q2,5,May,May,2021-05,19,14
2021-05-15,2021,Q2,5,May,May,2021-05,19,15
2021-05-16,2021,Q2,5,May,May,2021-05,19,16
2021-05-17,2021,Q2,5,May,May,2021-05,20,17
2021-05-18,2021,Q2,5,May,May,2021-05,20,18
2021-05-19,2021,Q2,5,May,May,2021-05,20,19
2021-05-20,2021,Q2,5,May,May,2021-05,20,20
2021-05-21,2021,Q2,5,May,May,2021-05,20,21
2021-05-22,2021,Q2,5,May,May,2021-05,20,22
2021-05-23,2021,Q2,5,May,May,2021-05,20,23
2021-05-24,2021,Q2,5,May,May,2021-05,21,24
2021-05-25,2021,Q2,5,May,May,2021-05,21,25
2021-05-26,2021,Q2,5,May,May,2021-05,21,26
2021-05-27,2021,Q2,5,May,May,2021-05,21,27
2021-05-28,2021,Q2,5,May,May,2021-05,21,28
2021-05-29,2021,Q2,5,May,May,2021-05,21,29
2021-05-30,2021,Q2,5,May,May,2021-05,21,30
2021-05-31,2021,Q2,5,May,May,2021-05,22,31
2021-06-01,2021,Q2,6,June,Jun,2021-06,22,1
2021-06-02,2021,Q2,6,June,Jun,2021-06,22,2
2021-06-03,2021,Q2,6,June,Jun,2021-06,22,3
2021-06-04,2021,Q2,6,June,Jun,2021-06,22,4
2021-06-05,2021,Q2,6,June,Jun,2021-06,22,5
2021-06-06,2021,Q2,6,June,Jun,2021-06,22,6
2021-06-07,2021,Q2,6,June,Jun,2021-06,23,7
2021-06-08,2021,Q2,6,June,Jun,2021-06,23,8
2021-06-09,2021,Q2,6,June,Jun,2021-06,23,9
2021-06-10,2021,Q2,6,June,Jun,2021-06,23,10
2021-06-11,2021,Q2,6,June,Jun,2021-06,23,11
2021-06-12,2021,Q2,6,June,Jun,2021-06,23,12
2021-06-13,2021,Q2,6,June,Jun,2021-06,23,13
2021-06-14,2021,Q2,6,June,Jun,2021-06,24,14
2021-06-15,2021,Q2,6,June,Jun,2021-06,24,15
2021-06-16,2021,Q2,6,June,Jun,2021-06,24,16
2021-06-17,2021,Q2,6,June,Jun,2021-06,24,17
2021-06-18,2021,Q2,6,June,Jun,2021-06,24,18
2021-06-19,2021,Q2,6,June,Jun,2021-06,24,19
2021-06-20,2021,Q2,6,June,Jun,2021-06,24,20
2021-06-21,2021,Q2,6,June,Jun,2021-06,25,21
2021-06-22,2021,Q2,6,June,Jun,2021-06,25,22
2021-06-23,2021,Q2,6,June,Jun,2021-06,25,23
2021-06-24,2021,Q2,6,June,Jun,2021-06,25,24
2021-06-25,2021,Q2,6,June,Jun,2021-06,25,25
2021-06-26,2021,Q2,6,June,Jun,2021-06,25,26
2021-06-27,2021,Q2,6,June,Jun,2021-06,25,27
2021-06-28,2021,Q2,6,June,Jun,2021-06,26,28
2021-06-29,2021,Q2,6,June,Jun,2021-06,26,29
2021-06-30,2021,Q2,6,June,Jun,2021-06,26,30
2021-07-01,2021,Q3,7,July,Jul,2021-07,26,1
2021-07-02,2021,Q3,7,July,Jul,2021-07,26,2
2021-07-03,2021,Q3,7,July,Jul,2021-07,26,3
2021-07-04,2021,Q3,7,July,Jul,2021-07,26,4
2021-07-05,2021,Q3,7,July,Jul,2021-07,27,5
2021-07-06,2021,Q3,7,July,Jul,2021-07,27,6
2021-07-07,2021,Q3,7,July,Jul,2021-07,27,7
2021-07-08,2021,Q3,7,July,Jul,2021-07,27,8
2021-07-09,2021,Q3,7,July,Jul,2021-07,27,9
2021-07-10,2021,Q3,7,July,Jul,2021-07,27,10
2021-07-11,2021,Q3,7,July,Jul,2021-07,27,11
2021-07-12,2021,Q3,7,July,Jul,2021-07,28,12
2021-07-13,2021,Q3,7,July,Jul,2021-07,28,13
2021-07-14,2021,Q3,7,July,Jul,2021-07,28,14
2021-07-15,2021,Q3,7,July,Jul,2021-07,28,15
2021-07-16,2021,Q3,7,July,Jul,2021-07,28,16
2021-07-17,2021,Q3,7,July,Jul,2021-07,28,17
2021-07-18,2021,Q3,7,July,Jul,2021-07,28,18
2021-07-19,2021,Q3,7,July,Jul,2021-07,29,19
2021-07-20,2021,Q3,7,July,Jul,2021-07,29,20
2021-07-21,2021,Q3,7,July,Jul,2021-07,29,21
2021-07-22,2021,Q3,7,July,Jul,2021-07,29,22
2021-07-23,2021,Q3,7,July,Jul,2021-07,29,23
2021-07-24,2021,Q3,7,July,Jul,2021-07,29,24
2021-07-25,2021,Q3,7,July,Jul,2021-07,29,25
2021-07-26,2021,Q3,7,July,Jul,2021-07,30,26
2021-07-27,2021,Q3,7,July,Jul,2021-07,30,27
2021-07-28,2021,Q3,7,July,Jul,2021-07,30,28
2021-07-29,2021,Q3,7,July,Jul,2021-07,30,29
2021-07-30,2021,Q3,7,July,Jul,2021-07,30,30
2021-07-31,2021,Q3,7,July,Jul,2021-07,30,31
2021-08-01,2021,Q3,8,August,Aug,2021-08,30,1
2021-08-02,2021,Q3,8,August,Aug,2021-08,31,2
2021-08-03,2021,Q3,8,August,Aug,2021-08,31,3
2021-08-04,2021,Q3,8,August,Aug,2021-08,31,4
2021-08-05,2021,Q3,8,August,Aug,2021-08,31,5
2021-08-06,2021,Q3,8,August,Aug,2021-08,31,6
2021-08-07,2021,Q3,8,August,Aug,2021-08,31,7
2021-08-08,2021,Q3,8,August,Aug,2021-08,31,8
2021-08-09,2021,Q3,8,August,Aug,2021-08,32,9
2021-08-10,2021,Q3,8,August,Aug,2021-08,32,10
2021-08-11,2021,Q3,8,August,Aug,2021-08,32,11
2021-08-12,2021,Q3,8,August,Aug,2021-08,32,12
2021-08-13,2021,Q3,8,August,Aug,2021-08,32,13
2021-08-14,2021,Q3,8,August,Aug,2021-08,32,14
2021-08-15,2021,Q3,8,August,Aug,2021-08,32,15
2021-08-16,2021,Q3,8,August,Aug,2021-08,33,16
2021-08-17,2021,Q3,8,August,Aug,2021-08,33,17
2021-08-18,2021,Q3,8,August,Aug,2021-08,33,18
2021-08-19,2021,Q3,8,August,Aug,2021-08,33,19
2021-08-20,2021,Q3,8,August,Aug,2021-08,33,20
2021-08-21,2021,Q3,8,August,Aug,2021-08,33,21
2021-08-22,2021,Q3,8,August,Aug,2021-08,33,22
2021-08-23,2021,Q3,8,August,Aug,2021-08,34,23
2021-08-24,2021,Q3,8,August,Aug,2021-08,34,24
2021-08-25,2021,Q3,8,August,Aug,2021-08,34,25
2021-08-26,2021,Q3,8,August,Aug,2021-08,34,26
2021-08-27,2021,Q3,8,August,Aug,2021-08,34,27
2021-08-28,2021,Q3,8,August,Aug,2021-08,34,28
2021-08-29,2021,Q3,8,August,Aug,2021-08,34,29
2021-08-30,2021,Q3,8,August,Aug,2021-08,35,30
2021-08-31,2021,Q3,8,August,Aug,2021-08,35,31
2021-09-01,2021,Q3,9,September,Sep,2021-09,35,1
2021-09-02,2021,Q3,9,September,Sep,2021-09,35,2
2021-09-03,2021,Q3,9,September,Sep,2021-09,35,3
2021-09-04,2021,Q3,9,September,Sep,2021-09,35,4
2021-09-05,2021,Q3,9,September,Sep,2021-09,35,5
2021-09-06,2021,Q3,9,September,Sep,2021-09,36,6
2021-09-07,2021,Q3,9,September,Sep,2021-09,36,7
2021-09-08,2021,Q3,9,September,Sep,2021-09,36,8
2021-09-09,2021,Q3,9,September,Sep,2021-09,36,9
2021-09-10,2021,Q3,9,September,Sep,2021-09,36,10
2021-09-11,2021,Q3,9,September,Sep,2021-09,36,11
2021-09-12,2021,Q3,9,September,Sep,2021-09,36,12
2021-09-13,2021,Q3,9,September,Sep,2021-09,37,13
2021-09-14,2021,Q3,9,September,Sep,2021-09,37,14
2021-09-15,2021,Q3,9,September,Sep,2021-09,37,15
2021-09-16,2021,Q3,9,September,Sep,2021-09,37,16
2021-09-17,2021,Q3,9,September,Sep,2021-09,37,17
2021-09-18,2021,Q3,9,September,Sep,2021-09,37,18
2021-09-19,2021,Q3,9,September,Sep,2021-09,37,19
2021-09-20,2021,Q3,9,September,Sep,2021-09,38,20
2021-09-21,2021,Q3,9,September,Sep,2021-09,38,21
2021-09-22,2021,Q3,9,September,Sep,2021-09,38,22
2021-09-23,2021,Q3,9,September,Sep,2021-09,38,23
2021-09-24,2021,Q3,9,September,Sep,2021-09,38,24
2021-09-25,2021,Q3,9,September,Sep,2021-09,38,25
2021-09-26,2021,Q3,9,September,Sep,2021-09,38,26
2021-09-27,2021,Q3,9,September,Sep,2021-09,39,27
2021-09-28,2021,Q3,9,September,Sep,2021-09,39,28
2021-09-29,2021,Q3,9,September,Sep,2021-09,39,29
2021-09-30,2021,Q3,9,September,Sep,2021-09,39,30
2021-10-01,2021,Q4,10,October,Oct,2021-10,39,1
2021-10-02,2021,Q4,10,October,Oct,2021-10,39,2
2021-10-03,2021,Q4,10,October,Oct,2021-10,39,3
2021-10-04,2021,Q4,10,October,Oct,2021-10,40,4
2021-10-05,2021,Q4,10,October,Oct,2021-10,40,5
2021-10-06,2021,Q4,10,October,Oct,2021-10,40,6
2021-10-07,2021,Q4,10,October,Oct,2021-10,40,7
2021-10-08,2021,Q4,10,October,Oct,2021-10,40,8
2021-10-09,2021,Q4,10,October,Oct,2021-10,40,9
2021-10-10,2021,Q4,10,October,Oct,2021-10,40,10
2021-10-11,2021,Q4,10,October,Oct,2021-10,41,11
2021-10-12,2021,Q4,10,October,Oct,2021-10,41,12
2021-10-13,2021,Q4,10,October,Oct,2021-10,41,13
2021-10-14,2021,Q4,10,October,Oct,2021-10,41,14
2021-10-15,2021,Q4,10,October,Oct,2021-10,41,15
2021-10-16,2021,Q4,10,October,Oct,2021-10,41,16
2021-10-17,2021,Q4,10,October,Oct,2021-10,41,17
2021-10-18,2021,Q4,10,October,Oct,2021-10,42,18
2021-10-19,2021,Q4,10,October,Oct,2021-10,42,19
2021-10-20,2021,Q4,10,October,Oct,2021-10,42,20
2021-10-21,2021,Q4,10,October,Oct,2021-10,42,21
2021-10-22,2021,Q4,10,October,Oct,2021-10,42,22
2021-10-23,2021,Q4,10,October,Oct,2021-10,42,23
2021-10-24,2021,Q4,10,October,Oct,2021-10,42,24
2021-10-25,2021,Q4,10,October,Oct,2021-10,43,25
2021-10-26,2021,Q4,10,October,Oct,2021-10,43,26
2021-10-27,2021,Q4,10,October,Oct,2021-10,43,27
2021-10-28,2021,Q4,10,October,Oct,2021-10,43,28
2021-10-29,2021,Q4,10,October,Oct,2021-10,43,29
2021-10-30,2021,Q4,10,October,Oct,2021-10,43,30
2021-10-31,2021,Q4,10,October,Oct,2021-10,43,31
2021-11-01,2021,Q4,11,November,Nov,2021-11,44,1
2021-11-02,2021,Q4,11,November,Nov,2021-11,44,2
2021-11-03,2021,Q4,11,November,Nov,2021-11,44,3
2021-11-04,2021,Q4,11,November,Nov,2021-11,44,4
2021-11-05,2021,Q4,11,November,Nov,2021-11,44,5
2021-11-06,2021,Q4,11,November,Nov,2021-11,44,6
2021-11-07,2021,Q4,11,November,Nov,2021-11,44,7
2021-11-08,2021,Q4,11,November,Nov,2021-11,45,8
2021-11-09,2021,Q4,11,November,Nov,2021-11,45,9
2021-11-10,2021,Q4,11,November,Nov,2021-11,45,10
2021-11-11,2021,Q4,11,November,Nov,2021-11,45,11
2021-11-12,2021,Q4,11,November,Nov,2021-11,45,12
2021-11-13,2021,Q4,11,November,Nov,2021-11,45,13
2021-11-14,2021,Q4,11,November,Nov,2021-11,45,14
2021-11-15,2021,Q4,11,November,Nov,2021-11,46,15
2021-11-16,2021,Q4,11,November,Nov,2021-11,46,16
2021-11-17,2021,Q4,11,November,Nov,2021-11,46,17
2021-11-18,2021,Q4,11,November,Nov,2021-11,46,18
2021-11-19,2021,Q4,11,November,Nov,2021-11,46,19
2021-11-20,2021,Q4,11,November,Nov,2021-11,46,20
2021-11-21,2021,Q4,11,November,Nov,2021-11,46,21
2021-11-22,2021,Q4,11,November,Nov,2021-11,47,22
2021-11-23,2021,Q4,11,November,Nov,2021-11,47,23
2021-11-24,2021,Q4,11,November,Nov,2021-11,47,24
2021-11-25,2021,Q4,11,November,Nov,2021-11,47,25
2021-11-26,2021,Q4,11,November,Nov,2021-11,47,26
2021-11-27,2021,Q4,11,November,Nov,2021-11,47,27
2021-11-28,2021,Q4,11,November,Nov,2021-11,47,28
2021-11-29,2021,Q4,11,November,Nov,2021-11,48,29
2021-11-30,2021,Q4,11,November,Nov,2021-11,48,30
2021-12-01,2021,Q4,12,December,Dec,2021-12,48,1
2021-12-02,2021,Q4,12,December,Dec,2021-12,48,2
2021-12-03,2021,Q4,12,December,Dec,2021-12,48,3
2021-12-04,2021,Q4,12,December,Dec,2021-12,48,4
2021-12-05,2021,Q4,12,December,Dec,2021-12,48,5
2021-12-06,2021,Q4,12,December,Dec,2021-12,49,6
2021-12-07,2021,Q4,12,December,Dec,2021-12,49,7
2021-12-08,2021,Q4,12,December,Dec,2021-12,49,8
2021-12-09,2021,Q4,12,December,Dec,2021-12,49,9
2021-12-10,2021,Q4,12,December,Dec,2021-12,49,10
2021-12-11,2021,Q4,12,December,Dec,2021-12,49,11
2021-12-12,2021,Q4,12,December,Dec,2021-12,49,12
2021-12-13,2021,Q4,12,December,Dec,2021-12,50,13
2021-12-14,2021,Q4,12,December,Dec,2021-12,50,14
2021-12-15,2021,Q4,12,December,Dec,2021-12,50,15
2021-12-16,2021,Q4,12,December,Dec,2021-12,50,16
2021-12-17,2021,Q4,12,December,Dec,2021-12,50,17
2021-12-18,2021,Q4,12,December,Dec,2021-12,50,18
2021-12-19,2021,Q4,12,December,Dec,2021-12,50,19
2021-12-20,2021,Q4,12,December,Dec,2021-12,51,20
2021-12-21,2021,Q4,12,December,Dec,2021-12,51,21
2021-12-22,2021,Q4,12,December,Dec,2021-12,51,22
2021-12-23,2021,Q4,12,December,Dec,2021-12,51,23
2021-12-24,2021,Q4,12,December,Dec,2021-12,51,24
2021-12-25,2021,Q4,12,December,Dec,2021-12,51,25
2021-12-26,2021,Q4,12,December,Dec,2021-12,51,26
2021-12-27,2021,Q4,12,December,Dec,2021-12,52,27
2021-12-28,2021,Q4,12,December,Dec,2021-12,52,28
2021-12-29,2021,Q4,12,December,Dec,2021-12,52,29
2021-12-30,2021,Q4,12,December,Dec,2021-12,52,30
2021-12-31,2021,Q4,12,December,Dec,2021-12,52,31
2022-01-01,2022,Q1,1,January,Jan,2022-01,52,1
2022-01-02,2022,Q1,1,January,Jan,2022-01,52,2
2022-01-03,2022,Q1,1,January,Jan,2022-01,1,3
2022-01-04,2022,Q1,1,January,Jan,2022-01,1,4
2022-01-05,2022,Q1,1,January,Jan,2022-01,1,5
2022-01-06,2022,Q1,1,January,Jan,2022-01,1,6
2022-01-07,2022,Q1,1,January,Jan,2022-01,1,7
2022-01-08,2022,Q1,1,January,Jan,2022-01,1,8
2022-01-09,2022,Q1,1,January,Jan,2022-01,1,9
2022-01-10,2022,Q1,1,January,Jan,2022-01,2,10
2022-01-11,2022,Q1,1,January,Jan,2022-01,2,11
2022-01-12,2022,Q1,1,January,Jan,2022-01,2,12
2022-01-13,2022,Q1,1,January,Jan,2022-01,2,13
2022-01-14,2022,Q1,1,January,Jan,2022-01,2,14
2022-01-15,2022,Q1,1,January,Jan,2022-01,2,15
2022-01-16,2022,Q1,1,January,Jan,2022-01,2,16
2022-01-17,2022,Q1,1,January,Jan,2022-01,3,17
2022-01-18,2022,Q1,1,January,Jan,2022-01,3,18
2022-01-19,2022,Q1,1,January,Jan,2022-01,3,19
2022-01-20,2022,Q1,1,January,Jan,2022-01,3,20
2022-01-21,2022,Q1,1,January,Jan,2022-01,3,21
2022-01-22,2022,Q1,1,January,Jan,2022-01,3,22
2022-01-23,2022,Q1,1,January,Jan,2022-01,3,23
2022-01-24,2022,Q1,1,January,Jan,2022-01,4,24
2022-01-25,2022,Q1,1,January,Jan,2022-01,4,25
2022-01-26,2022,Q1,1,January,Jan,2022-01,4,26
2022-01-27,2022,Q1,1,January,Jan,2022-01,4,27
2022-01-28,2022,Q1,1,January,Jan,2022-01,4,28
2022-01-29,2022,Q1,1,January,Jan,2022-01,4,29
2022-01-30,2022,Q1,1,January,Jan,2022-01,4,30
2022-01-31,2022,Q1,1,January,Jan,2022-01,5,31
2022-02-01,2022,Q1,2,February,Feb,2022-02,5,1
2022-02-02,2022,Q1,2,February,Feb,2022-02,5,2
2022-02-03,2022,Q1,2,February,Feb,2022-02,5,3
2022-02-04,2022,Q1,2,February,Feb,2022-02,5,4
2022-02-05,2022,Q1,2,February,Feb,2022-02,5,5
2022-02-06,2022,Q1,2,February,Feb,2022-02,5,6
2022-02-07,2022,Q1,2,February,Feb,2022-02,6,7
2022-02-08,2022,Q1,2,February,Feb,2022-02,6,8
2022-02-09,2022,Q1,2,February,Feb,2022-02,6,9
2022-02-10,2022,Q1,2,February,Feb,2022-02,6,10
2022-02-11,2022,Q1,2,February,Feb,2022-02,6,11
2022-02-12,2022,Q1,2,February,Feb,2022-02,6,12
2022-02-13,2022,Q1,2,February,Feb,2022-02,6,13
2022-02-14,2022,Q1,2,February,Feb,2022-02,7,14
2022-02-15,2022,Q1,2,February,Feb,2022-02,7,15
2022-02-16,2022,Q1,2,February,Feb,2022-02,7,16
2022-02-17,2022,Q1,2,February,Feb,2022-02,7,17
2022-02-18,2022,Q1,2,February,Feb,2022-02,7,18
2022-02-19,2022,Q1,2,February,Feb,2022-02,7,19
2022-02-20,2022,Q1,2,February,Feb,2022-02,7,20
2022-02-21,2022,Q1,2,February,Feb,2022-02,8,21
2022-02-22,2022,Q1,2,February,Feb,2022-02,8,22
2022-02-23,2022,Q1,2,February,Feb,2022-02,8,23
2022-02-24,2022,Q1,2,February,Feb,2022-02,8,24
2022-02-25,2022,Q1,2,February,Feb,2022-02,8,25
2022-02-26,2022,Q1,2,February,Feb,2022-02,8,26
2022-02-27,2022,Q1,2,February,Feb,2022-02,8,27
2022-02-28,2022,Q1,2,February,Feb,2022-02,9,28
2022-03-01,2022,Q1,3,March,Mar,2022-03,9,1
2022-03-02,2022,Q1,3,March,Mar,2022-03,9,2
2022-03-03,2022,Q1,3,March,Mar,2022-03,9,3
2022-03-04,2022,Q1,3,March,Mar,2022-03,9,4
2022-03-05,2022,Q1,3,March,Mar,2022-03,9,5
2022-03-06,2022,Q1,3,March,Mar,2022-03,9,6
2022-03-07,2022,Q1,3,March,Mar,2022-03,10,7
2022-03-08,2022,Q1,3,March,Mar,2022-03,10,8
2022-03-09,2022,Q1,3,March,Mar,2022-03,10,9
2022-03-10,2022,Q1,3,March,Mar,2022-03,10,10
2022-03-11,2022,Q1,3,March,Mar,2022-03,10,11
2022-03-12,2022,Q1,3,March,Mar,2022-03,10,12
2022-03-13,2022,Q1,3,March,Mar,2022-03,10,13
2022-03-14,2022,Q1,3,March,Mar,2022-03,11,14
2022-03-15,2022,Q1,3,March,Mar,2022-03,11,15
2022-03-16,2022,Q1,3,March,Mar,2022-03,11,16
2022-03-17,2022,Q1,3,March,Mar,2022-03,11,17
2022-03-18,2022,Q1,3,March,Mar,2022-03,11,18
2022-03-19,2022,Q1,3,March,Mar,2022-03,11,19
2022-03-20,2022,Q1,3,March,Mar,2022-03,11,20
2022-03-21,2022,Q1,3,March,Mar,2022-03,12,21
2022-03-22,2022,Q1,3,March,Mar,2022-03,12,22
2022-03-23,2022,Q1,3,March,Mar,2022-03,12,23
2022-03-24,2022,Q1,3,March,Mar,2022-03,12,24
2022-03-25,2022,Q1,3,March,Mar,2022-03,12,25
2022-03-26,2022,Q1,3,March,Mar,2022-03,12,26
2022-03-27,2022,Q1,3,March,Mar,2022-03,12,27
2022-03-28,2022,Q1,3,March,Mar,2022-03,13,28
2022-03-29,2022,Q1,3,March,Mar,2022-03,13,29
2022-03-30,2022,Q1,3,March,Mar,2022-03,13,30
2022-03-31,2022,Q1,3,March,Mar,2022-03,13,31
2022-04-01,2022,Q2,4,April,Apr,2022-04,13,1
2022-04-02,2022,Q2,4,April,Apr,2022-04,13,2
2022-04-03,2022,Q2,4,April,Apr,2022-04,13,3
2022-04-04,2022,Q2,4,April,Apr,2022-04,14,4
2022-04-05,2022,Q2,4,April,Apr,2022-04,14,5
2022-04-06,2022,Q2,4,April,Apr,2022-04,14,6
2022-04-07,2022,Q2,4,April,Apr,2022-04,14,7
2022-04-08,2022,Q2,4,April,Apr,2022-04,14,8
2022-04-09,2022,Q2,4,April,Apr,2022-04,14,9
2022-04-10,2022,Q2,4,April,Apr,2022-04,14,10
2022-04-11,2022,Q2,4,April,Apr,2022-04,15,11
2022-04-12,2022,Q2,4,April,Apr,2022-04,15,12
2022-04-13,2022,Q2,4,April,Apr,2022-04,15,13
2022-04-14,2022,Q2,4,April,Apr,2022-04,15,14
2022-04-15,2022,Q2,4,April,Apr,2022-04,15,15
2022-04-16,2022,Q2,4,April,Apr,2022-04,15,16
2022-04-17,2022,Q2,4,April,Apr,2022-04,15,17
2022-04-18,2022,Q2,4,April,Apr,2022-04,16,18
2022-04-19,2022,Q2,4,April,Apr,2022-04,16,19
2022-04-20,2022,Q2,4,April,Apr,2022-04,16,20
2022-04-21,2022,Q2,4,April,Apr,2022-04,16,21
2022-04-22,2022,Q2,4,April,Apr,2022-04,16,22
2022-04-23,2022,Q2,4,April,Apr,2022-04,16,23
2022-04-24,2022,Q2,4,April,Apr,2022-04,16,24
2022-04-25,2022,Q2,4,April,Apr,2022-04,17,25
2022-04-26,2022,Q2,4,April,Apr,2022-04,17,26
2022-04-27,2022,Q2,4,April,Apr,2022-04,17,27
2022-04-28,2022,Q2,4,April,Apr,2022-04,17,28
2022-04-29,2022,Q2,4,April,Apr,2022-04,17,29
2022-04-30,2022,Q2,4,April,Apr,2022-04,17,30
2022-05-01,2022,Q2,5,May,May,2022-05,17,1
2022-05-02,2022,Q2,5,May,May,2022-05,18,2
2022-05-03,2022,Q2,5,May,May,2022-05,18,3
2022-05-04,2022,Q2,5,May,May,2022-05,18,4
2022-05-05,2022,Q2,5,May,May,2022-05,18,5
2022-05-06,2022,Q2,5,May,May,2022-05,18,6
2022-05-07,2022,Q2,5,May,May,2022-05,18,7
2022-05-08,2022,Q2,5,May,May,2022-05,18,8
2022-05-09,2022,Q2,5,May,May,2022-05,19,9
2022-05-10,2022,Q2,5,May,May,2022-05,19,10
2022-05-11,2022,Q2,5,May,May,2022-05,19,11
2022-05-12,2022,Q2,5,May,May,2022-05,19,12
2022-05-13,2022,Q2,5,May,May,2022-05,19,13
2022-05-14,2022,Q2,5,May,May,2022-05,19,14
2022-05-15,2022,Q2,5,May,May,2022-05,19,15
2022-05-16,2022,Q2,5,May,May,2022-05,20,16
2022-05-17,2022,Q2,5,May,May,2022-05,20,17
2022-05-18,2022,Q2,5,May,May,2022-05,20,18
2022-05-19,2022,Q2,5,May,May,2022-05,20,19
2022-05-20,2022,Q2,5,May,May,2022-05,20,20
2022-05-21,2022,Q2,5,May,May,2022-05,20,21
2022-05-22,2022,Q2,5,May,May,2022-05,20,22
2022-05-23,2022,Q2,5,May,May,2022-05,21,23
2022-05-24,2022,Q2,5,May,May,2022-05,21,24
2022-05-25,2022,Q2,5,May,May,2022-05,21,25
2022-05-26,2022,Q2,5,May,May,2022-05,21,26
2022-05-27,2022,Q2,5,May,May,2022-05,21,27
2022-05-28,2022,Q2,5,May,May,2022-05,21,28
2022-05-29,2022,Q2,5,May,May,2022-05,21,29
2022-05-30,2022,Q2,5,May,May,2022-05,22,30
2022-05-31,2022,Q2,5,May,May,2022-05,22,31
2022-06-01,2022,Q2,6,June,Jun,2022-06,22,1
2022-06-02,2022,Q2,6,June,Jun,2022-06,22,2
2022-06-03,2022,Q2,6,June,Jun,2022-06,22,3
2022-06-04,2022,Q2,6,June,Jun,2022-06,22,4
2022-06-05,2022,Q2,6,June,Jun,2022-06,22,5
2022-06-06,2022,Q2,6,June,Jun,2022-06,23,6
2022-06-07,2022,Q2,6,June,Jun,2022-06,23,7
2022-06-08,2022,Q2,6,June,Jun,2022-06,23,8
2022-06-09,2022,Q2,6,June,Jun,2022-06,23,9
2022-06-10,2022,Q2,6,June,Jun,2022-06,23,10
2022-06-11,2022,Q2,6,June,Jun,2022-06,23,11
2022-06-12,2022,Q2,6,June,Jun,2022-06,23,12
2022-06-13,2022,Q2,6,June,Jun,2022-06,24,13
2022-06-14,2022,Q2,6,June,Jun,2022-06,24,14
2022-06-15,2022,Q2,6,June,Jun,2022-06,24,15
2022-06-16,2022,Q2,6,June,Jun,2022-06,24,16
2022-06-17,2022,Q2,6,June,Jun,2022-06,24,17
2022-06-18,2022,Q2,6,June,Jun,2022-06,24,18
2022-06-19,2022,Q2,6,June,Jun,2022-06,24,19
2022-06-20,2022,Q2,6,June,Jun,2022-06,25,20
2022-06-21,2022,Q2,6,June,Jun,2022-06,25,21
2022-06-22,2022,Q2,6,June,Jun,2022-06,25,22
2022-06-23,2022,Q2,6,June,Jun,2022-06,25,23
2022-06-24,2022,Q2,6,June,Jun,2022-06,25,24
2022-06-25,2022,Q2,6,June,Jun,2022-06,25,25
2022-06-26,2022,Q2,6,June,Jun,2022-06,25,26
2022-06-27,2022,Q2,6,June,Jun,2022-06,26,27
2022-06-28,2022,Q2,6,June,Jun,2022-06,26,28
2022-06-29,2022,Q2,6,June,Jun,2022-06,26,29
2022-06-30,2022,Q2,6,June,Jun,2022-06,26,30
2022-07-01,2022,Q3,7,July,Jul,2022-07,26,1
2022-07-02,2022,Q3,7,July,Jul,2022-07,26,2
2022-07-03,2022,Q3,7,July,Jul,2022-07,26,3
2022-07-04,2022,Q3,7,July,Jul,2022-07,27,4
2022-07-05,2022,Q3,7,July,Jul,2022-07,27,5
2022-07-06,2022,Q3,7,July,Jul,2022-07,27,6
2022-07-07,2022,Q3,7,July,Jul,2022-07,27,7
2022-07-08,2022,Q3,7,July,Jul,2022-07,27,8
2022-07-09,2022,Q3,7,July,Jul,2022-07,27,9
2022-07-10,2022,Q3,7,July,Jul,2022-07,27,10
2022-07-11,2022,Q3,7,July,Jul,2022-07,28,11
2022-07-12,2022,Q3,7,July,Jul,2022-07,28,12
2022-07-13,2022,Q3,7,July,Jul,2022-07,28,13
2022-07-14,2022,Q3,7,July,Jul,2022-07,28,14
2022-07-15,2022,Q3,7,July,Jul,2022-07,28,15
2022-07-16,2022,Q3,7,July,Jul,2022-07,28,16
2022-07-17,2022,Q3,7,July,Jul,2022-07,28,17
2022-07-18,2022,Q3,7,July,Jul,2022-07,29,18
2022-07-19,2022,Q3,7,July,Jul,2022-07,29,19
2022-07-20,2022,Q3,7,July,Jul,2022-07,29,20
2022-07-21,2022,Q3,7,July,Jul,2022-07,29,21
2022-07-22,2022,Q3,7,July,Jul,2022-07,29,22
2022-07-23,2022,Q3,7,July,Jul,2022-07,29,23
2022-07-24,2022,Q3,7,July,Jul,2022-07,29,24
2022-07-25,2022,Q3,7,July,Jul,2022-07,30,25
2022-07-26,2022,Q3,7,July,Jul,2022-07,30,26
2022-07-27,2022,Q3,7,July,Jul,2022-07,30,27
2022-07-28,2022,Q3,7,July,Jul,2022-07,30,28
2022-07-29,2022,Q3,7,July,Jul,2022-07,30,29
2022-07-30,2022,Q3,7,July,Jul,2022-07,30,30
2022-07-31,2022,Q3,7,July,Jul,2022-07,30,31
2022-08-01,2022,Q3,8,August,Aug,2022-08,31,1
2022-08-02,2022,Q3,8,August,Aug,2022-08,31,2
2022-08-03,2022,Q3,8,August,Aug,2022-08,31,3
2022-08-04,2022,Q3,8,August,Aug,2022-08,31,4
2022-08-05,2022,Q3,8,August,Aug,2022-08,31,5
2022-08-06,2022,Q3,8,August,Aug,2022-08,31,6
2022-08-07,2022,Q3,8,August,Aug,2022-08,31,7
2022-08-08,2022,Q3,8,August,Aug,2022-08,32,8
2022-08-09,2022,Q3,8,August,Aug,2022-08,32,9
2022-08-10,2022,Q3,8,August,Aug,2022-08,32,10
2022-08-11,2022,Q3,8,August,Aug,2022-08,32,11
2022-08-12,2022,Q3,8,August,Aug,2022-08,32,12
2022-08-13,2022,Q3,8,August,Aug,2022-08,32,13
2022-08-14,2022,Q3,8,August,Aug,2022-08,32,14
2022-08-15,2022,Q3,8,August,Aug,2022-08,33,15
2022-08-16,2022,Q3,8,August,Aug,2022-08,33,16
2022-08-17,2022,Q3,8,August,Aug,2022-08,33,17
2022-08-18,2022,Q3,8,August,Aug,2022-08,33,18
2022-08-19,2022,Q3,8,August,Aug,2022-08,33,19
2022-08-20,2022,Q3,8,August,Aug,2022-08,33,20
2022-08-21,2022,Q3,8,August,Aug,2022-08,33,21
2022-08-22,2022,Q3,8,August,Aug,2022-08,34,22
2022-08-23,2022,Q3,8,August,Aug,2022-08,34,23
2022-08-24,2022,Q3,8,August,Aug,2022-08,34,24
2022-08-25,2022,Q3,8,August,Aug,2022-08,34,25
2022-08-26,2022,Q3,8,August,Aug,2022-08,34,26
2022-08-27,2022,Q3,8,August,Aug,2022-08,34,27
2022-08-28,2022,Q3,8,August,Aug,2022-08,34,28
2022-08-29,2022,Q3,8,August,Aug,2022-08,35,29
2022-08-30,2022,Q3,8,August,Aug,2022-08,35,30
2022-08-31,2022,Q3,8,August,Aug,2022-08,35,31
2022-09-01,2022,Q3,9,September,Sep,2022-09,35,1
2022-09-02,2022,Q3,9,September,Sep,2022-09,35,2
2022-09-03,2022,Q3,9,September,Sep,2022-09,35,3
2022-09-04,2022,Q3,9,September,Sep,2022-09,35,4
2022-09-05,2022,Q3,9,September,Sep,2022-09,36,5
2022-09-06,2022,Q3,9,September,Sep,2022-09,36,6
2022-09-07,2022,Q3,9,September,Sep,2022-09,36,7
2022-09-08,2022,Q3,9,September,Sep,2022-09,36,8
2022-09-09,2022,Q3,9,September,Sep,2022-09,36,9
2022-09-10,2022,Q3,9,September,Sep,2022-09,36,10
2022-09-11,2022,Q3,9,September,Sep,2022-09,36,11
2022-09-12,2022,Q3,9,September,Sep,2022-09,37,12
2022-09-13,2022,Q3,9,September,Sep,2022-09,37,13
2022-09-14,2022,Q3,9,September,Sep,2022-09,37,14
2022-09-15,2022,Q3,9,September,Sep,2022-09,37,15
2022-09-16,2022,Q3,9,September,Sep,2022-09,37,16
2022-09-17,2022,Q3,9,September,Sep,2022-09,37,17
2022-09-18,2022,Q3,9,September,Sep,2022-09,37,18
2022-09-19,2022,Q3,9,September,Sep,2022-09,38,19
2022-09-20,2022,Q3,9,September,Sep,2022-09,38,20
2022-09-21,2022,Q3,9,September,Sep,2022-09,38,21
2022-09-22,2022,Q3,9,September,Sep,2022-09,38,22
2022-09-23,2022,Q3,9,September,Sep,2022-09,38,23
2022-09-24,2022,Q3,9,September,Sep,2022-09,38,24
2022-09-25,2022,Q3,9,September,Sep,2022-09,38,25
2022-09-26,2022,Q3,9,September,Sep,2022-09,39,26
2022-09-27,2022,Q3,9,September,Sep,2022-09,39,27
2022-09-28,2022,Q3,9,September,Sep,2022-09,39,28
2022-09-29,2022,Q3,9,September,Sep,2022-09,39,29
2022-09-30,2022,Q3,9,September,Sep,2022-09,39,30
2022-10-01,2022,Q4,10,October,Oct,2022-10,39,1
2022-10-02,2022,Q4,10,October,Oct,2022-10,39,2
2022-10-03,2022,Q4,10,October,Oct,2022-10,40,3
2022-10-04,2022,Q4,10,October,Oct,2022-10,40,4
2022-10-05,2022,Q4,10,October,Oct,2022-10,40,5
2022-10-06,2022,Q4,10,October,Oct,2022-10,40,6
2022-10-07,2022,Q4,10,October,Oct,2022-10,40,7
2022-10-08,2022,Q4,10,October,Oct,2022-10,40,8
2022-10-09,2022,Q4,10,October,Oct,2022-10,40,9
2022-10-10,2022,Q4,10,October,Oct,2022-10,41,10
2022-10-11,2022,Q4,10,October,Oct,2022-10,41,11
2022-10-12,2022,Q4,10,October,Oct,2022-10,41,12
2022-10-13,2022,Q4,10,October,Oct,2022-10,41,13
2022-10-14,2022,Q4,10,October,Oct,2022-10,41,14
2022-10-15,2022,Q4,10,October,Oct,2022-10,41,15
2022-10-16,2022,Q4,10,October,Oct,2022-10,41,16
2022-10-17,2022,Q4,10,October,Oct,2022-10,42,17
2022-10-18,2022,Q4,10,October,Oct,2022-10,42,18
2022-10-19,2022,Q4,10,October,Oct,2022-10,42,19
2022-10-20,2022,Q4,10,October,Oct,2022-10,42,20
2022-10-21,2022,Q4,10,October,Oct,2022-10,42,21
2022-10-22,2022,Q4,10,October,Oct,2022-10,42,22
2022-10-23,2022,Q4,10,October,Oct,2022-10,42,23
2022-10-24,2022,Q4,10,October,Oct,2022-10,43,24
2022-10-25,2022,Q4,10,October,Oct,2022-10,43,25
2022-10-26,2022,Q4,10,October,Oct,2022-10,43,26
2022-10-27,2022,Q4,10,October,Oct,2022-10,43,27
2022-10-28,2022,Q4,10,October,Oct,2022-10,43,28
2022-10-29,2022,Q4,10,October,Oct,2022-10,43,29
2022-10-30,2022,Q4,10,October,Oct,2022-10,43,30
2022-10-31,2022,Q4,10,October,Oct,2022-10,44,31
2022-11-01,2022,Q4,11,November,Nov,2022-11,44,1
2022-11-02,2022,Q4,11,November,Nov,2022-11,44,2
2022-11-03,2022,Q4,11,November,Nov,2022-11,44,3
2022-11-04,2022,Q4,11,November,Nov,2022-11,44,4
2022-11-05,2022,Q4,11,November,Nov,2022-11,44,5
2022-11-06,2022,Q4,11,November,Nov,2022-11,44,6
2022-11-07,2022,Q4,11,November,Nov,2022-11,45,7
2022-11-08,2022,Q4,11,November,Nov,2022-11,45,8
2022-11-09,2022,Q4,11,November,Nov,2022-11,45,9
2022-11-10,2022,Q4,11,November,Nov,2022-11,45,10
2022-11-11,2022,Q4,11,November,Nov,2022-11,45,11
2022-11-12,2022,Q4,11,November,Nov,2022-11,45,12
2022-11-13,2022,Q4,11,November,Nov,2022-11,45,13
2022-11-14,2022,Q4,11,November,Nov,2022-11,46,14
2022-11-15,2022,Q4,11,November,Nov,2022-11,46,15
2022-11-16,2022,Q4,11,November,Nov,2022-11,46,16
2022-11-17,2022,Q4,11,November,Nov,2022-11,46,17
2022-11-18,2022,Q4,11,November,Nov,2022-11,46,18
2022-11-19,2022,Q4,11,November,Nov,2022-11,46,19
2022-11-20,2022,Q4,11,November,Nov,2022-11,46,20
2022-11-21,2022,Q4,11,November,Nov,2022-11,47,21
2022-11-22,2022,Q4,11,November,Nov,2022-11,47,22
2022-11-23,2022,Q4,11,November,Nov,2022-11,47,23
2022-11-24,2022,Q4,11,November,Nov,2022-11,47,24
2022-11-25,2022,Q4,11,November,Nov,2022-11,47,25
2022-11-26,2022,Q4,11,November,Nov,2022-11,47,26
2022-11-27,2022,Q4,11,November,Nov,2022-11,47,27
2022-11-28,2022,Q4,11,November,Nov,2022-11,48,28
2022-11-29,2022,Q4,11,November,Nov,2022-11,48,29
2022-11-30,2022,Q4,11,November,Nov,2022-11,48,30
2022-12-01,2022,Q4,12,December,Dec,2022-12,48,1
2022-12-02,2022,Q4,12,December,Dec,2022-12,48,2
2022-12-03,2022,Q4,12,December,Dec,2022-12,48,3
2022-12-04,2022,Q4,12,December,Dec,2022-12,48,4
2022-12-05,2022,Q4,12,December,Dec,2022-12,49,5
2022-12-06,2022,Q4,12,December,Dec,2022-12,49,6
2022-12-07,2022,Q4,12,December,Dec,2022-12,49,7
2022-12-08,2022,Q4,12,December,Dec,2022-12,49,8
2022-12-09,2022,Q4,12,December,Dec,2022-12,49,9
2022-12-10,2022,Q4,12,December,Dec,2022-12,49,10
2022-12-11,2022,Q4,12,December,Dec,2022-12,49,11
2022-12-12,2022,Q4,12,December,Dec,2022-12,50,12
2022-12-13,2022,Q4,12,December,Dec,2022-12,50,13
2022-12-14,2022,Q4,12,December,Dec,2022-12,50,14
2022-12-15,2022,Q4,12,December,Dec,2022-12,50,15
2022-12-16,2022,Q4,12,December,Dec,2022-12,50,16
2022-12-17,2022,Q4,12,December,Dec,2022-12,50,17
2022-12-18,2022,Q4,12,December,Dec,2022-12,50,18
2022-12-19,2022,Q4,12,December,Dec,2022-12,51,19
2022-12-20,2022,Q4,12,December,Dec,2022-12,51,20
2022-12-21,2022,Q4,12,December,Dec,2022-12,51,21
2022-12-22,2022,Q4,12,December,Dec,2022-12,51,22
2022-12-23,2022,Q4,12,December,Dec,2022-12,51,23
2022-12-24,2022,Q4,12,December,Dec,2022-12,51,24
2022-12-25,2022,Q4,12,December,Dec,2022-12,51,25
2022-12-26,2022,Q4,12,December,Dec,2022-12,52,26
2022-12-27,2022,Q4,12,December,Dec,2022-12,52,27
2022-12-28,2022,Q4,12,December,Dec,2022-12,52,28
2022-12-29,2022,Q4,12,December,Dec,2022-12,52,29
2022-12-30,2022,Q4,12,December,Dec,2022-12,52,30
2022-12-31,2022,Q4,12,December,Dec,2022-12,52,31
2023-01-01,2023,Q1,1,January,Jan,2023-01,52,1
2023-01-02,2023,Q1,1,January,Jan,2023-01,1,2
2023-01-03,2023,Q1,1,January,Jan,2023-01,1,3
2023-01-04,2023,Q1,1,January,Jan,2023-01,1,4
2023-01-05,2023,Q1,1,January,Jan,2023-01,1,5
2023-01-06,2023,Q1,1,January,Jan,2023-01,1,6
2023-01-07,2023,Q1,1,January,Jan,2023-01,1,7
2023-01-08,2023,Q1,1,January,Jan,2023-01,1,8
2023-01-09,2023,Q1,1,January,Jan,2023-01,2,9
2023-01-10,2023,Q1,1,January,Jan,2023-01,2,10
2023-01-11,2023,Q1,1,January,Jan,2023-01,2,11
2023-01-12,2023,Q1,1,January,Jan,2023-01,2,12
2023-01-13,2023,Q1,1,January,Jan,2023-01,2,13
2023-01-14,2023,Q1,1,January,Jan,2023-01,2,14
2023-01-15,2023,Q1,1,January,Jan,2023-01,2,15
2023-01-16,2023,Q1,1,January,Jan,2023-01,3,16
2023-01-17,2023,Q1,1,January,Jan,2023-01,3,17
2023-01-18,2023,Q1,1,January,Jan,2023-01,3,18
2023-01-19,2023,Q1,1,January,Jan,2023-01,3,19
2023-01-20,2023,Q1,1,January,Jan,2023-01,3,20
2023-01-21,2023,Q1,1,January,Jan,2023-01,3,21
2023-01-22,2023,Q1,1,January,Jan,2023-01,3,22
2023-01-23,2023,Q1,1,January,Jan,2023-01,4,23
2023-01-24,2023,Q1,1,January,Jan,2023-01,4,24
2023-01-25,2023,Q1,1,January,Jan,2023-01,4,25
2023-01-26,2023,Q1,1,January,Jan,2023-01,4,26
2023-01-27,2023,Q1,1,January,Jan,2023-01,4,27
2023-01-28,2023,Q1,1,January,Jan,2023-01,4,28
2023-01-29,2023,Q1,1,January,Jan,2023-01,4,29
2023-01-30,2023,Q1,1,January,Jan,2023-01,5,30
2023-01-31,2023,Q1,1,January,Jan,2023-01,5,31
2023-02-01,2023,Q1,2,February,Feb,2023-02,5,1
2023-02-02,2023,Q1,2,February,Feb,2023-02,5,2
2023-02-03,2023,Q1,2,February,Feb,2023-02,5,3
2023-02-04,2023,Q1,2,February,Feb,2023-02,5,4
2023-02-05,2023,Q1,2,February,Feb,2023-02,5,5
2023-02-06,2023,Q1,2,February,Feb,2023-02,6,6
2023-02-07,2023,Q1,2,February,Feb,2023-02,6,7
2023-02-08,2023,Q1,2,February,Feb,2023-02,6,8
2023-02-09,2023,Q1,2,February,Feb,2023-02,6,9
2023-02-10,2023,Q1,2,February,Feb,2023-02,6,10
2023-02-11,2023,Q1,2,February,Feb,2023-02,6,11
2023-02-12,2023,Q1,2,February,Feb,2023-02,6,12
2023-02-13,2023,Q1,2,February,Feb,2023-02,7,13
2023-02-14,2023,Q1,2,February,Feb,2023-02,7,14
2023-02-15,2023,Q1,2,February,Feb,2023-02,7,15
2023-02-16,2023,Q1,2,February,Feb,2023-02,7,16
2023-02-17,2023,Q1,2,February,Feb,2023-02,7,17
2023-02-18,2023,Q1,2,February,Feb,2023-02,7,18
2023-02-19,2023,Q1,2,February,Feb,2023-02,7,19
2023-02-20,2023,Q1,2,February,Feb,2023-02,8,20
2023-02-21,2023,Q1,2,February,Feb,2023-02,8,21
2023-02-22,2023,Q1,2,February,Feb,2023-02,8,22
2023-02-23,2023,Q1,2,February,Feb,2023-02,8,23
2023-02-24,2023,Q1,2,February,Feb,2023-02,8,24
2023-02-25,2023,Q1,2,February,Feb,2023-02,8,25
2023-02-26,2023,Q1,2,February,Feb,2023-02,8,26
2023-02-27,2023,Q1,2,February,Feb,2023-02,9,27
2023-02-28,2023,Q1,2,February,Feb,2023-02,9,28
2023-03-01,2023,Q1,3,March,Mar,2023-03,9,1
2023-03-02,2023,Q1,3,March,Mar,2023-03,9,2
2023-03-03,2023,Q1,3,March,Mar,2023-03,9,3
2023-03-04,2023,Q1,3,March,Mar,2023-03,9,4
2023-03-05,2023,Q1,3,March,Mar,2023-03,9,5
2023-03-06,2023,Q1,3,March,Mar,2023-03,10,6
2023-03-07,2023,Q1,3,March,Mar,2023-03,10,7
2023-03-08,2023,Q1,3,March,Mar,2023-03,10,8
2023-03-09,2023,Q1,3,March,Mar,2023-03,10,9
2023-03-10,2023,Q1,3,March,Mar,2023-03,10,10
2023-03-11,2023,Q1,3,March,Mar,2023-03,10,11
2023-03-12,2023,Q1,3,March,Mar,2023-03,10,12
2023-03-13,2023,Q1,3,March,Mar,2023-03,11,13
2023-03-14,2023,Q1,3,March,Mar,2023-03,11,14
2023-03-15,2023,Q1,3,March,Mar,2023-03,11,15
