ProductID,ProductName,UnitCost,ListPrice
PID2000,Product 1,1367,2241
PID2001,Product 2,504,951
PID2002,Product 3,534,847
PID2003,Product 4,1516,1783
PID2004,Product 5,665,1278
PID2005,Product 6,561,684
PID2006,Product 7,1443,1826
PID2007,Product 8,1054,1405
PID2008,Product 9,208,315
PID2009,Product 10,420,584
PID2010,Product 11,1305,1812
PID2011,Product 12,435,530
PID2012,Product 13,947,1353
PID2013,Product 14,269,368
PID2014,Product 15,1067,1809
PID2015,Product 16,389,637
PID2016,Product 17,1108,1351
PID2017,Product 18,22,35
PID2018,Product 19,1321,1972
PID2019,Product 20,536,800
PID2020,Product 21,1223,2005
PID2021,Product 22,171,217
PID2022,Product 23,421,561
PID2023,Product 24,450,818
PID2024,Product 25,292,356
PID2025,Product 26,387,667
PID2026,Product 27,786,947
PID2027,Product 28,1473,2497
PID2028,Product 29,1484,2283
PID2029,Product 30,1294,1848
PID2030,Product 31,1044,1899
PID2031,Product 32,1261,1638
PID2032,Product 33,1397,1967
PID2033,Product 34,1200,2182
PID2034,Product 35,540,871
PID2035,Product 36,376,458
PID2036,Product 37,1234,1582
PID2037,Product 38,634,880
PID2038,Product 39,255,392
PID2039,Product 40,409,817
PID2040,Product 41,945,1889
PID2041,Product 42,1090,1380
PID2042,Product 43,154,203
PID2043,Product 44,425,545
PID2044,Product 45,478,886
PID2045,Product 46,395,556
PID2046,Product 47,1518,2410
PID2047,Product 48,200,290
PID2048,Product 49,296,502
PID2049,Product 50,562,826
PID2050,Product 51,1291,2391
PID2051,Product 52,732,1077
PID2052,Product 53,1251,1526
PID2053,Product 54,358,596
PID2054,Product 55,79,127
PID2055,Product 56,1896,2495
PID2056,Product 57,1046,1635
PID2057,Product 58,130,181
PID2058,Product 59,1535,2257
PID2059,Product 60,971,1494
PID2060,Product 61,807,1467
PID2061,Product 62,584,913
PID2062,Product 63,1774,2464
PID2063,Product 64,871,1708
PID2064,Product 65,962,1414
PID2065,Product 66,1965,2396
PID2066,Product 67,1485,2091
PID2067,Product 68,683,1119
PID2068,Product 69,900,1500
PID2069,Product 70,291,378
PID2070,Product 71,1220,1671
PID2071,Product 72,72,136
PID2072,Product 73,1378,1887
PID2073,Product 74,61,95
PID2074,Product 75,408,504
PID2075,Product 76,208,400
PID2076,Product 77,791,1522
PID2077,Product 78,424,530
PID2078,Product 79,971,1798
PID2079,Product 80,1363,1725
PID2080,Product 81,1788,2353
PID2081,Product 82,1190,1566
PID2082,Product 83,838,1103
PID2083,Product 84,1777,2141
PID2084,Product 85,1230,1783
PID2085,Product 86,1173,1862
PID2086,Product 87,84,123
PID2087,Product 88,818,1022
PID2088,Product 89,416,603
PID2089,Product 90,1399,2294
PID2090,Product 91,682,1338
PID2091,Product 92,294,368
PID2092,Product 93,1295,1639
PID2093,Product 94,90,112
PID2094,Product 95,648,771
PID2095,Product 96,872,1743
PID2096,Product 97,1301,1587
PID2097,Product 98,589,1052
PID2098,Product 99,683,1178
PID2099,Product 100,984,1367
PID2100,Product 101,455,799
