LocationID,Year,MonthNumber,Budget
A165,2021,1,2136.0
A165,2021,2,3738.0000000000005
A165,2021,3,3738.0000000000005
A165,2021,4,5340.0
A165,2021,5,6942.0
A165,2021,6,7476.000000000001
A165,2021,7,6408.0
A165,2021,8,4806.0
A165,2021,9,3738.0000000000005
A165,2021,10,4272.0
A165,2021,11,2670.0
A165,2021,12,2136.0
A165,2022,1,2136.0
A165,2022,2,3738.0000000000005
A165,2022,3,3738.0000000000005
A165,2022,4,5340.0
A165,2022,5,6942.0
A165,2022,6,7476.000000000001
A165,2022,7,6408.0
A165,2022,8,4806.0
A165,2022,9,3738.0000000000005
A165,2022,10,4272.0
A165,2022,11,2670.0
A165,2022,12,2136.0
A165,2023,1,2136.0
A165,2023,2,3738.0000000000005
A165,2023,3,1808.709677419355
A135,2021,1,1608.0
A135,2021,2,2814.0000000000005
A135,2021,3,2814.0000000000005
A135,2021,4,4020.0
A135,2021,5,5226.0
A135,2021,6,5628.000000000001
A135,2021,7,4824.0
A135,2021,8,3618.0
A135,2021,9,2814.0000000000005
A135,2021,10,3216.0
A135,2021,11,2010.0
A135,2021,12,1608.0
A135,2022,1,1608.0
A135,2022,2,2814.0000000000005
A135,2022,3,2814.0000000000005
A135,2022,4,4020.0
A135,2022,5,5226.0
A135,2022,6,5628.000000000001
A135,2022,7,4824.0
A135,2022,8,3618.0
A135,2022,9,2814.0000000000005
A135,2022,10,3216.0
A135,2022,11,2010.0
A135,2022,12,1608.0
A135,2023,1,1608.0
A135,2023,2,2814.0000000000005
A135,2023,3,1361.6129032258066
A136,2021,1,1668.0
A136,2021,2,2919.0000000000005
A136,2021,3,2919.0000000000005
A136,2021,4,4170.0
A136,2021,5,5421.0
A136,2021,6,5838.000000000001
A136,2021,7,5004.0
A136,2021,8,3753.0
A136,2021,9,2919.0000000000005
A136,2021,10,3336.0
A136,2021,11,2085.0
A136,2021,12,1668.0
A136,2022,1,1668.0
A136,2022,2,2919.0000000000005
A136,2022,3,2919.0000000000005
A136,2022,4,4170.0
A136,2022,5,5421.0
A136,2022,6,5838.000000000001
A136,2022,7,5004.0
A136,2022,8,3753.0
A136,2022,9,2919.0000000000005
A136,2022,10,3336.0
A136,2022,11,2085.0
A136,2022,12,1668.0
A136,2023,1,1668.0
A136,2023,2,2919.0000000000005
A136,2023,3,1412.41935483871
A137,2021,1,2508.0
A137,2021,2,4389.0
A137,2021,3,4389.0
A137,2021,4,6270.0
A137,2021,5,8151.0
A137,2021,6,8778.0
A137,2021,7,7524.0
A137,2021,8,5643.0
A137,2021,9,4389.0
A137,2021,10,5016.0
A137,2021,11,3135.0
A137,2021,12,2508.0
A137,2022,1,2508.0
A137,2022,2,4389.0
A137,2022,3,4389.0
A137,2022,4,6270.0
A137,2022,5,8151.0
A137,2022,6,8778.0
A137,2022,7,7524.0
A137,2022,8,5643.0
A137,2022,9,4389.0
A137,2022,10,5016.0
A137,2022,11,3135.0
A137,2022,12,2508.0
A137,2023,1,2508.0
A137,2023,2,4389.0
A137,2023,3,2123.7096774193546
A166,2021,1,2120.0
A166,2021,2,3710.0000000000005
A166,2021,3,3710.0000000000005
A166,2021,4,5300.0
A166,2021,5,6890.0
A166,2021,6,7420.000000000001
A166,2021,7,6360.0
A166,2021,8,4770.0
A166,2021,9,3710.0000000000005
A166,2021,10,4240.0
A166,2021,11,2650.0
A166,2021,12,2120.0
A166,2022,1,2120.0
A166,2022,2,3710.0000000000005
A166,2022,3,3710.0000000000005
A166,2022,4,5300.0
A166,2022,5,6890.0
A166,2022,6,7420.000000000001
A166,2022,7,6360.0
A166,2022,8,4770.0
A166,2022,9,3710.0000000000005
A166,2022,10,4240.0
A166,2022,11,2650.0
A166,2022,12,2120.0
A166,2023,1,2120.0
A166,2023,2,3710.0000000000005
A166,2023,3,1795.161290322581
A147,2021,1,1864.0
A147,2021,2,3262.0000000000005
A147,2021,3,3262.0000000000005
A147,2021,4,4660.0
A147,2021,5,6058.0
A147,2021,6,6524.000000000001
A147,2021,7,5592.0
A147,2021,8,4194.0
A147,2021,9,3262.0000000000005
A147,2021,10,3728.0
A147,2021,11,2330.0
A147,2021,12,1864.0
A147,2022,1,1864.0
A147,2022,2,3262.0000000000005
A147,2022,3,3262.0000000000005
A147,2022,4,4660.0
A147,2022,5,6058.0
A147,2022,6,6524.000000000001
A147,2022,7,5592.0
A147,2022,8,4194.0
A147,2022,9,3262.0000000000005
A147,2022,10,3728.0
A147,2022,11,2330.0
A147,2022,12,1864.0
A147,2023,1,1864.0
A147,2023,2,3262.0000000000005
A147,2023,3,1578.3870967741939
A142,2021,1,1160.0
A142,2021,2,2030.0000000000002
A142,2021,3,2030.0000000000002
A142,2021,4,2900.0
A142,2021,5,3770.0
A142,2021,6,4060.0000000000005
A142,2021,7,3480.0
A142,2021,8,2610.0
A142,2021,9,2030.0000000000002
A142,2021,10,2320.0
A142,2021,11,1450.0
A142,2021,12,1160.0
A142,2022,1,1160.0
A142,2022,2,2030.0000000000002
A142,2022,3,2030.0000000000002
A142,2022,4,2900.0
A142,2022,5,3770.0
A142,2022,6,4060.0000000000005
A142,2022,7,3480.0
A142,2022,8,2610.0
A142,2022,9,2030.0000000000002
A142,2022,10,2320.0
A142,2022,11,1450.0
A142,2022,12,1160.0
A142,2023,1,1160.0
A142,2023,2,2030.0000000000002
A142,2023,3,982.2580645161291
A110,2021,1,3060.0
A110,2021,2,5355.000000000001
A110,2021,3,5355.000000000001
A110,2021,4,7650.0
A110,2021,5,9945.0
A110,2021,6,10710.000000000002
A110,2021,7,9180.0
A110,2021,8,6885.0
A110,2021,9,5355.000000000001
A110,2021,10,6120.0
A110,2021,11,3825.0
A110,2021,12,3060.0
A110,2022,1,3060.0
A110,2022,2,5355.000000000001
A110,2022,3,5355.000000000001
A110,2022,4,7650.0
A110,2022,5,9945.0
A110,2022,6,10710.000000000002
A110,2022,7,9180.0
A110,2022,8,6885.0
A110,2022,9,5355.000000000001
A110,2022,10,6120.0
A110,2022,11,3825.0
A110,2022,12,3060.0
A110,2023,1,3060.0
A110,2023,2,5355.000000000001
A110,2023,3,2591.129032258065
A100,2021,1,1588.0
A100,2021,2,2779.0000000000005
A100,2021,3,2779.0000000000005
A100,2021,4,3970.0
A100,2021,5,5161.0
A100,2021,6,5558.000000000001
A100,2021,7,4764.0
A100,2021,8,3573.0
A100,2021,9,2779.0000000000005
A100,2021,10,3176.0
A100,2021,11,1985.0
A100,2021,12,1588.0
A100,2022,1,1588.0
A100,2022,2,2779.0000000000005
A100,2022,3,2779.0000000000005
A100,2022,4,3970.0
A100,2022,5,5161.0
A100,2022,6,5558.000000000001
A100,2022,7,4764.0
A100,2022,8,3573.0
A100,2022,9,2779.0000000000005
A100,2022,10,3176.0
A100,2022,11,1985.0
A100,2022,12,1588.0
A100,2023,1,1588.0
A100,2023,2,2779.0000000000005
A100,2023,3,1344.677419354839
A101,2021,1,1972.0
A101,2021,2,3451.0000000000005
A101,2021,3,3451.0000000000005
A101,2021,4,4930.0
A101,2021,5,6409.0
A101,2021,6,6902.000000000001
A101,2021,7,5916.0
A101,2021,8,4437.0
A101,2021,9,3451.0000000000005
A101,2021,10,3944.0
A101,2021,11,2465.0
A101,2021,12,1972.0
A101,2022,1,1972.0
A101,2022,2,3451.0000000000005
A101,2022,3,3451.0000000000005
A101,2022,4,4930.0
A101,2022,5,6409.0
A101,2022,6,6902.000000000001
A101,2022,7,5916.0
A101,2022,8,4437.0
A101,2022,9,3451.0000000000005
A101,2022,10,3944.0
A101,2022,11,2465.0
A101,2022,12,1972.0
A101,2023,1,1972.0
A101,2023,2,3451.0000000000005
A101,2023,3,1669.8387096774195
A167,2021,1,1896.0
A167,2021,2,3318.0000000000005
A167,2021,3,3318.0000000000005
A167,2021,4,4740.0
A167,2021,5,6162.0
A167,2021,6,6636.000000000001
A167,2021,7,5688.0
A167,2021,8,4266.0
A167,2021,9,3318.0000000000005
A167,2021,10,3792.0
A167,2021,11,2370.0
A167,2021,12,1896.0
A167,2022,1,1896.0
A167,2022,2,3318.0000000000005
A167,2022,3,3318.0000000000005
A167,2022,4,4740.0
A167,2022,5,6162.0
A167,2022,6,6636.000000000001
A167,2022,7,5688.0
A167,2022,8,4266.0
A167,2022,9,3318.0000000000005
A167,2022,10,3792.0
A167,2022,11,2370.0
A167,2022,12,1896.0
A167,2023,1,1896.0
A167,2023,2,3318.0000000000005
A167,2023,3,1605.4838709677422
A168,2021,1,2728.0
A168,2021,2,4774.0
A168,2021,3,4774.0
A168,2021,4,6820.0
A168,2021,5,8866.0
A168,2021,6,9548.0
A168,2021,7,8184.0
A168,2021,8,6138.0
A168,2021,9,4774.0
A168,2021,10,5456.0
A168,2021,11,3410.0
A168,2021,12,2728.0
A168,2022,1,2728.0
A168,2022,2,4774.0
A168,2022,3,4774.0
A168,2022,4,6820.0
A168,2022,5,8866.0
A168,2022,6,9548.0
A168,2022,7,8184.0
A168,2022,8,6138.0
A168,2022,9,4774.0
A168,2022,10,5456.0
A168,2022,11,3410.0
A168,2022,12,2728.0
A168,2023,1,2728.0
A168,2023,2,4774.0
A168,2023,3,2310.0
A169,2021,1,1484.0
A169,2021,2,2597.0000000000005
A169,2021,3,2597.0000000000005
A169,2021,4,3710.0
A169,2021,5,4823.0
A169,2021,6,5194.000000000001
A169,2021,7,4452.0
A169,2021,8,3339.0
A169,2021,9,2597.0000000000005
A169,2021,10,2968.0
A169,2021,11,1855.0
A169,2021,12,1484.0
A169,2022,1,1484.0
A169,2022,2,2597.0000000000005
A169,2022,3,2597.0000000000005
A169,2022,4,3710.0
A169,2022,5,4823.0
A169,2022,6,5194.000000000001
A169,2022,7,4452.0
A169,2022,8,3339.0
A169,2022,9,2597.0000000000005
A169,2022,10,2968.0
A169,2022,11,1855.0
A169,2022,12,1484.0
A169,2023,1,1484.0
A169,2023,2,2597.0000000000005
A169,2023,3,1256.6129032258066
A143,2021,1,1624.0
A143,2021,2,2842.0000000000005
A143,2021,3,2842.0000000000005
A143,2021,4,4060.0
A143,2021,5,5278.0
A143,2021,6,5684.000000000001
A143,2021,7,4872.0
A143,2021,8,3654.0
A143,2021,9,2842.0000000000005
A143,2021,10,3248.0
A143,2021,11,2030.0
A143,2021,12,1624.0
A143,2022,1,1624.0
A143,2022,2,2842.0000000000005
A143,2022,3,2842.0000000000005
A143,2022,4,4060.0
A143,2022,5,5278.0
A143,2022,6,5684.000000000001
A143,2022,7,4872.0
A143,2022,8,3654.0
A143,2022,9,2842.0000000000005
A143,2022,10,3248.0
A143,2022,11,2030.0
A143,2022,12,1624.0
A143,2023,1,1624.0
A143,2023,2,2842.0000000000005
A143,2023,3,1375.161290322581
A111,2021,1,2188.0
A111,2021,2,3829.0000000000005
A111,2021,3,3829.0000000000005
A111,2021,4,5470.0
A111,2021,5,7111.0
A111,2021,6,7658.000000000001
A111,2021,7,6564.0
A111,2021,8,4923.0
A111,2021,9,3829.0000000000005
A111,2021,10,4376.0
A111,2021,11,2735.0
A111,2021,12,2188.0
A111,2022,1,2188.0
A111,2022,2,3829.0000000000005
A111,2022,3,3829.0000000000005
A111,2022,4,5470.0
A111,2022,5,7111.0
A111,2022,6,7658.000000000001
A111,2022,7,6564.0
A111,2022,8,4923.0
A111,2022,9,3829.0000000000005
A111,2022,10,4376.0
A111,2022,11,2735.0
A111,2022,12,2188.0
A111,2023,1,2188.0
A111,2023,2,3829.0000000000005
A111,2023,3,1852.7419354838712
A149,2021,1,1812.0
A149,2021,2,3171.0000000000005
A149,2021,3,3171.0000000000005
A149,2021,4,4530.0
A149,2021,5,5889.0
A149,2021,6,6342.000000000001
A149,2021,7,5436.0
A149,2021,8,4077.0
A149,2021,9,3171.0000000000005
A149,2021,10,3624.0
A149,2021,11,2265.0
A149,2021,12,1812.0
A149,2022,1,1812.0
A149,2022,2,3171.0000000000005
A149,2022,3,3171.0000000000005
A149,2022,4,4530.0
A149,2022,5,5889.0
A149,2022,6,6342.000000000001
A149,2022,7,5436.0
A149,2022,8,4077.0
A149,2022,9,3171.0000000000005
A149,2022,10,3624.0
A149,2022,11,2265.0
A149,2022,12,1812.0
A149,2023,1,1812.0
A149,2023,2,3171.0000000000005
A149,2023,3,1534.3548387096776
A150,2021,1,2224.0
A150,2021,2,3892.0000000000005
A150,2021,3,3892.0000000000005
A150,2021,4,5560.0
A150,2021,5,7228.0
A150,2021,6,7784.000000000001
A150,2021,7,6672.0
A150,2021,8,5004.0
A150,2021,9,3892.0000000000005
A150,2021,10,4448.0
A150,2021,11,2780.0
A150,2021,12,2224.0
A150,2022,1,2224.0
A150,2022,2,3892.0000000000005
A150,2022,3,3892.0000000000005
A150,2022,4,5560.0
A150,2022,5,7228.0
A150,2022,6,7784.000000000001
A150,2022,7,6672.0
A150,2022,8,5004.0
A150,2022,9,3892.0000000000005
A150,2022,10,4448.0
A150,2022,11,2780.0
A150,2022,12,2224.0
A150,2023,1,2224.0
A150,2023,2,3892.0000000000005
A150,2023,3,1883.2258064516132
A112,2021,1,1500.0
A112,2021,2,2625.0000000000005
A112,2021,3,2625.0000000000005
A112,2021,4,3750.0
A112,2021,5,4875.0
A112,2021,6,5250.000000000001
A112,2021,7,4500.0
A112,2021,8,3375.0
A112,2021,9,2625.0000000000005
A112,2021,10,3000.0
A112,2021,11,1875.0
A112,2021,12,1500.0
A112,2022,1,1500.0
A112,2022,2,2625.0000000000005
A112,2022,3,2625.0000000000005
A112,2022,4,3750.0
A112,2022,5,4875.0
A112,2022,6,5250.000000000001
A112,2022,7,4500.0
A112,2022,8,3375.0
A112,2022,9,2625.0000000000005
A112,2022,10,3000.0
A112,2022,11,1875.0
A112,2022,12,1500.0
A112,2023,1,1500.0
A112,2023,2,2625.0000000000005
A112,2023,3,1270.161290322581
A148,2021,1,1428.0
A148,2021,2,2499.0000000000005
A148,2021,3,2499.0000000000005
A148,2021,4,3570.0
A148,2021,5,4641.0
A148,2021,6,4998.000000000001
A148,2021,7,4284.0
A148,2021,8,3213.0
A148,2021,9,2499.0000000000005
A148,2021,10,2856.0
A148,2021,11,1785.0
A148,2021,12,1428.0
A148,2022,1,1428.0
A148,2022,2,2499.0000000000005
A148,2022,3,2499.0000000000005
A148,2022,4,3570.0
A148,2022,5,4641.0
A148,2022,6,4998.000000000001
A148,2022,7,4284.0
A148,2022,8,3213.0
A148,2022,9,2499.0000000000005
A148,2022,10,2856.0
A148,2022,11,1785.0
A148,2022,12,1428.0
A148,2023,1,1428.0
A148,2023,2,2499.0000000000005
A148,2023,3,1209.193548387097
A138,2021,1,1892.0
A138,2021,2,3311.0000000000005
A138,2021,3,3311.0000000000005
A138,2021,4,4730.0
A138,2021,5,6149.0
A138,2021,6,6622.000000000001
A138,2021,7,5676.0
A138,2021,8,4257.0
A138,2021,9,3311.0000000000005
A138,2021,10,3784.0
A138,2021,11,2365.0
A138,2021,12,1892.0
A138,2022,1,1892.0
A138,2022,2,3311.0000000000005
A138,2022,3,3311.0000000000005
A138,2022,4,4730.0
A138,2022,5,6149.0
A138,2022,6,6622.000000000001
A138,2022,7,5676.0
A138,2022,8,4257.0
A138,2022,9,3311.0000000000005
A138,2022,10,3784.0
A138,2022,11,2365.0
A138,2022,12,1892.0
A138,2023,1,1892.0
A138,2023,2,3311.0000000000005
A138,2023,3,1602.0967741935485
A113,2021,1,2004.0
A113,2021,2,3507.0000000000005
A113,2021,3,3507.0000000000005
A113,2021,4,5010.0
A113,2021,5,6513.0
A113,2021,6,7014.000000000001
A113,2021,7,6012.0
A113,2021,8,4509.0
A113,2021,9,3507.0000000000005
A113,2021,10,4008.0
A113,2021,11,2505.0
A113,2021,12,2004.0
A113,2022,1,2004.0
A113,2022,2,3507.0000000000005
A113,2022,3,3507.0000000000005
A113,2022,4,5010.0
A113,2022,5,6513.0
A113,2022,6,7014.000000000001
A113,2022,7,6012.0
A113,2022,8,4509.0
A113,2022,9,3507.0000000000005
A113,2022,10,4008.0
A113,2022,11,2505.0
A113,2022,12,2004.0
A113,2023,1,2004.0
A113,2023,2,3507.0000000000005
A113,2023,3,1696.935483870968
A114,2021,1,2060.0
A114,2021,2,3605.0000000000005
A114,2021,3,3605.0000000000005
A114,2021,4,5150.0
A114,2021,5,6695.0
A114,2021,6,7210.000000000001
A114,2021,7,6180.0
A114,2021,8,4635.0
A114,2021,9,3605.0000000000005
A114,2021,10,4120.0
A114,2021,11,2575.0
A114,2021,12,2060.0
A114,2022,1,2060.0
A114,2022,2,3605.0000000000005
A114,2022,3,3605.0000000000005
A114,2022,4,5150.0
A114,2022,5,6695.0
A114,2022,6,7210.000000000001
A114,2022,7,6180.0
A114,2022,8,4635.0
A114,2022,9,3605.0000000000005
A114,2022,10,4120.0
A114,2022,11,2575.0
A114,2022,12,2060.0
A114,2023,1,2060.0
A114,2023,2,3605.0000000000005
A114,2023,3,1744.3548387096776
A151,2021,1,1936.0
A151,2021,2,3388.0000000000005
A151,2021,3,3388.0000000000005
A151,2021,4,4840.0
A151,2021,5,6292.0
A151,2021,6,6776.000000000001
A151,2021,7,5808.0
A151,2021,8,4356.0
A151,2021,9,3388.0000000000005
A151,2021,10,3872.0
A151,2021,11,2420.0
A151,2021,12,1936.0
A151,2022,1,1936.0
A151,2022,2,3388.0000000000005
A151,2022,3,3388.0000000000005
A151,2022,4,4840.0
A151,2022,5,6292.0
A151,2022,6,6776.000000000001
A151,2022,7,5808.0
A151,2022,8,4356.0
A151,2022,9,3388.0000000000005
A151,2022,10,3872.0
A151,2022,11,2420.0
A151,2022,12,1936.0
A151,2023,1,1936.0
A151,2023,2,3388.0000000000005
A151,2023,3,1639.3548387096776
A159,2021,1,1840.0
A159,2021,2,3220.0000000000005
A159,2021,3,3220.0000000000005
A159,2021,4,4600.0
A159,2021,5,5980.0
A159,2021,6,6440.000000000001
A159,2021,7,5520.0
A159,2021,8,4140.0
A159,2021,9,3220.0000000000005
A159,2021,10,3680.0
A159,2021,11,2300.0
A159,2021,12,1840.0
A159,2022,1,1840.0
A159,2022,2,3220.0000000000005
A159,2022,3,3220.0000000000005
A159,2022,4,4600.0
A159,2022,5,5980.0
A159,2022,6,6440.000000000001
A159,2022,7,5520.0
A159,2022,8,4140.0
A159,2022,9,3220.0000000000005
A159,2022,10,3680.0
A159,2022,11,2300.0
A159,2022,12,1840.0
A159,2023,1,1840.0
A159,2023,2,3220.0000000000005
A159,2023,3,1558.0645161290324
A160,2021,1,1172.0
A160,2021,2,2051.0
A160,2021,3,2051.0
A160,2021,4,2930.0
A160,2021,5,3809.0
A160,2021,6,4102.0
A160,2021,7,3516.0
A160,2021,8,2637.0
A160,2021,9,2051.0
A160,2021,10,2344.0
A160,2021,11,1465.0
A160,2021,12,1172.0
A160,2022,1,1172.0
A160,2022,2,2051.0
A160,2022,3,2051.0
A160,2022,4,2930.0
A160,2022,5,3809.0
A160,2022,6,4102.0
A160,2022,7,3516.0
A160,2022,8,2637.0
A160,2022,9,2051.0
A160,2022,10,2344.0
A160,2022,11,1465.0
A160,2022,12,1172.0
A160,2023,1,1172.0
A160,2023,2,2051.0
A160,2023,3,992.4193548387096
A152,2021,1,1272.0
A152,2021,2,2226.0
A152,2021,3,2226.0
A152,2021,4,3180.0
A152,2021,5,4134.0
A152,2021,6,4452.0
A152,2021,7,3816.0
A152,2021,8,2862.0
A152,2021,9,2226.0
A152,2021,10,2544.0
A152,2021,11,1590.0
A152,2021,12,1272.0
A152,2022,1,1272.0
A152,2022,2,2226.0
A152,2022,3,2226.0
A152,2022,4,3180.0
A152,2022,5,4134.0
A152,2022,6,4452.0
A152,2022,7,3816.0
A152,2022,8,2862.0
A152,2022,9,2226.0
A152,2022,10,2544.0
A152,2022,11,1590.0
A152,2022,12,1272.0
A152,2023,1,1272.0
A152,2023,2,2226.0
A152,2023,3,1077.0967741935483
A115,2021,1,1672.0
A115,2021,2,2926.0000000000005
A115,2021,3,2926.0000000000005
A115,2021,4,4180.0
A115,2021,5,5434.0
A115,2021,6,5852.000000000001
A115,2021,7,5016.0
A115,2021,8,3762.0
A115,2021,9,2926.0000000000005
A115,2021,10,3344.0
A115,2021,11,2090.0
A115,2021,12,1672.0
A115,2022,1,1672.0
A115,2022,2,2926.0000000000005
A115,2022,3,2926.0000000000005
A115,2022,4,4180.0
A115,2022,5,5434.0
A115,2022,6,5852.000000000001
A115,2022,7,5016.0
A115,2022,8,3762.0
A115,2022,9,2926.0000000000005
A115,2022,10,3344.0
A115,2022,11,2090.0
A115,2022,12,1672.0
A115,2023,1,1672.0
A115,2023,2,2926.0000000000005
A115,2023,3,1415.8064516129034
A116,2021,1,1620.0
A116,2021,2,2835.0000000000005
A116,2021,3,2835.0000000000005
A116,2021,4,4050.0
A116,2021,5,5265.0
A116,2021,6,5670.000000000001
A116,2021,7,4860.0
A116,2021,8,3645.0
A116,2021,9,2835.0000000000005
A116,2021,10,3240.0
A116,2021,11,2025.0
A116,2021,12,1620.0
A116,2022,1,1620.0
A116,2022,2,2835.0000000000005
A116,2022,3,2835.0000000000005
A116,2022,4,4050.0
A116,2022,5,5265.0
A116,2022,6,5670.000000000001
A116,2022,7,4860.0
A116,2022,8,3645.0
A116,2022,9,2835.0000000000005
A116,2022,10,3240.0
A116,2022,11,2025.0
A116,2022,12,1620.0
A116,2023,1,1620.0
A116,2023,2,2835.0000000000005
A116,2023,3,1371.7741935483873
A153,2021,1,2508.0
A153,2021,2,4389.0
A153,2021,3,4389.0
A153,2021,4,6270.0
A153,2021,5,8151.0
A153,2021,6,8778.0
A153,2021,7,7524.0
A153,2021,8,5643.0
A153,2021,9,4389.0
A153,2021,10,5016.0
A153,2021,11,3135.0
A153,2021,12,2508.0
A153,2022,1,2508.0
A153,2022,2,4389.0
A153,2022,3,4389.0
A153,2022,4,6270.0
A153,2022,5,8151.0
A153,2022,6,8778.0
A153,2022,7,7524.0
A153,2022,8,5643.0
A153,2022,9,4389.0
A153,2022,10,5016.0
A153,2022,11,3135.0
A153,2022,12,2508.0
A153,2023,1,2508.0
A153,2023,2,4389.0
A153,2023,3,2123.7096774193546
A102,2021,1,1116.0
A102,2021,2,1953.0000000000002
A102,2021,3,1953.0000000000002
A102,2021,4,2790.0
A102,2021,5,3627.0
A102,2021,6,3906.0000000000005
A102,2021,7,3348.0
A102,2021,8,2511.0
A102,2021,9,1953.0000000000002
A102,2021,10,2232.0
A102,2021,11,1395.0
A102,2021,12,1116.0
A102,2022,1,1116.0
A102,2022,2,1953.0000000000002
A102,2022,3,1953.0000000000002
A102,2022,4,2790.0
A102,2022,5,3627.0
A102,2022,6,3906.0000000000005
A102,2022,7,3348.0
A102,2022,8,2511.0
A102,2022,9,1953.0000000000002
A102,2022,10,2232.0
A102,2022,11,1395.0
A102,2022,12,1116.0
A102,2023,1,1116.0
A102,2023,2,1953.0000000000002
A102,2023,3,945.0000000000001
A103,2021,1,1340.0
A103,2021,2,2345.0
A103,2021,3,2345.0
A103,2021,4,3350.0
A103,2021,5,4355.0
A103,2021,6,4690.0
A103,2021,7,4020.0
A103,2021,8,3015.0
A103,2021,9,2345.0
A103,2021,10,2680.0
A103,2021,11,1675.0
A103,2021,12,1340.0
A103,2022,1,1340.0
A103,2022,2,2345.0
A103,2022,3,2345.0
A103,2022,4,3350.0
A103,2022,5,4355.0
A103,2022,6,4690.0
A103,2022,7,4020.0
A103,2022,8,3015.0
A103,2022,9,2345.0
A103,2022,10,2680.0
A103,2022,11,1675.0
A103,2022,12,1340.0
A103,2023,1,1340.0
A103,2023,2,2345.0
A103,2023,3,1134.6774193548388
A170,2021,1,1944.0
A170,2021,2,3402.0000000000005
A170,2021,3,3402.0000000000005
A170,2021,4,4860.0
A170,2021,5,6318.0
A170,2021,6,6804.000000000001
A170,2021,7,5832.0
A170,2021,8,4374.0
A170,2021,9,3402.0000000000005
A170,2021,10,3888.0
A170,2021,11,2430.0
A170,2021,12,1944.0
A170,2022,1,1944.0
A170,2022,2,3402.0000000000005
A170,2022,3,3402.0000000000005
A170,2022,4,4860.0
A170,2022,5,6318.0
A170,2022,6,6804.000000000001
A170,2022,7,5832.0
A170,2022,8,4374.0
A170,2022,9,3402.0000000000005
A170,2022,10,3888.0
A170,2022,11,2430.0
A170,2022,12,1944.0
A170,2023,1,1944.0
A170,2023,2,3402.0000000000005
A170,2023,3,1646.1290322580649
A117,2021,1,2100.0
A117,2021,2,3675.0000000000005
A117,2021,3,3675.0000000000005
A117,2021,4,5250.0
A117,2021,5,6825.0
A117,2021,6,7350.000000000001
A117,2021,7,6300.0
A117,2021,8,4725.0
A117,2021,9,3675.0000000000005
A117,2021,10,4200.0
A117,2021,11,2625.0
A117,2021,12,2100.0
A117,2022,1,2100.0
A117,2022,2,3675.0000000000005
A117,2022,3,3675.0000000000005
A117,2022,4,5250.0
A117,2022,5,6825.0
A117,2022,6,7350.000000000001
A117,2022,7,6300.0
A117,2022,8,4725.0
A117,2022,9,3675.0000000000005
A117,2022,10,4200.0
A117,2022,11,2625.0
A117,2022,12,2100.0
A117,2023,1,2100.0
A117,2023,2,3675.0000000000005
A117,2023,3,1778.2258064516132
A154,2021,1,1656.0
A154,2021,2,2898.0000000000005
A154,2021,3,2898.0000000000005
A154,2021,4,4140.0
A154,2021,5,5382.0
A154,2021,6,5796.000000000001
A154,2021,7,4968.0
A154,2021,8,3726.0
A154,2021,9,2898.0000000000005
A154,2021,10,3312.0
A154,2021,11,2070.0
A154,2021,12,1656.0
A154,2022,1,1656.0
A154,2022,2,2898.0000000000005
A154,2022,3,2898.0000000000005
A154,2022,4,4140.0
A154,2022,5,5382.0
A154,2022,6,5796.000000000001
A154,2022,7,4968.0
A154,2022,8,3726.0
A154,2022,9,2898.0000000000005
A154,2022,10,3312.0
A154,2022,11,2070.0
A154,2022,12,1656.0
A154,2023,1,1656.0
A154,2023,2,2898.0000000000005
A154,2023,3,1402.2580645161293
A118,2021,1,2048.0
A118,2021,2,3584.0000000000005
A118,2021,3,3584.0000000000005
A118,2021,4,5120.0
A118,2021,5,6656.0
A118,2021,6,7168.000000000001
A118,2021,7,6144.0
A118,2021,8,4608.0
A118,2021,9,3584.0000000000005
A118,2021,10,4096.0
A118,2021,11,2560.0
A118,2021,12,2048.0
A118,2022,1,2048.0
A118,2022,2,3584.0000000000005
A118,2022,3,3584.0000000000005
A118,2022,4,5120.0
A118,2022,5,6656.0
A118,2022,6,7168.000000000001
A118,2022,7,6144.0
A118,2022,8,4608.0
A118,2022,9,3584.0000000000005
A118,2022,10,4096.0
A118,2022,11,2560.0
A118,2022,12,2048.0
A118,2023,1,2048.0
A118,2023,2,3584.0000000000005
A118,2023,3,1734.193548387097
A171,2021,1,756.0
A171,2021,2,1323.0000000000002
A171,2021,3,1323.0000000000002
A171,2021,4,1890.0
A171,2021,5,2457.0
A171,2021,6,2646.0000000000005
A171,2021,7,2268.0
A171,2021,8,1701.0
A171,2021,9,1323.0000000000002
A171,2021,10,1512.0
A171,2021,11,945.0
A171,2021,12,756.0
A171,2022,1,756.0
A171,2022,2,1323.0000000000002
A171,2022,3,1323.0000000000002
A171,2022,4,1890.0
A171,2022,5,2457.0
A171,2022,6,2646.0000000000005
A171,2022,7,2268.0
A171,2022,8,1701.0
A171,2022,9,1323.0000000000002
A171,2022,10,1512.0
A171,2022,11,945.0
A171,2022,12,756.0
A171,2023,1,756.0
A171,2023,2,1323.0000000000002
A171,2023,3,640.1612903225807
A172,2021,1,1464.0
A172,2021,2,2562.0000000000005
A172,2021,3,2562.0000000000005
A172,2021,4,3660.0
A172,2021,5,4758.0
A172,2021,6,5124.000000000001
A172,2021,7,4392.0
A172,2021,8,3294.0
A172,2021,9,2562.0000000000005
A172,2021,10,2928.0
A172,2021,11,1830.0
A172,2021,12,1464.0
A172,2022,1,1464.0
A172,2022,2,2562.0000000000005
A172,2022,3,2562.0000000000005
A172,2022,4,3660.0
A172,2022,5,4758.0
A172,2022,6,5124.000000000001
A172,2022,7,4392.0
A172,2022,8,3294.0
A172,2022,9,2562.0000000000005
A172,2022,10,2928.0
A172,2022,11,1830.0
A172,2022,12,1464.0
A172,2023,1,1464.0
A172,2023,2,2562.0000000000005
A172,2023,3,1239.677419354839
A119,2021,1,1320.0
A119,2021,2,2310.0
A119,2021,3,2310.0
A119,2021,4,3300.0
A119,2021,5,4290.0
A119,2021,6,4620.0
A119,2021,7,3960.0
A119,2021,8,2970.0
A119,2021,9,2310.0
A119,2021,10,2640.0
A119,2021,11,1650.0
A119,2021,12,1320.0
A119,2022,1,1320.0
A119,2022,2,2310.0
A119,2022,3,2310.0
A119,2022,4,3300.0
A119,2022,5,4290.0
A119,2022,6,4620.0
A119,2022,7,3960.0
A119,2022,8,2970.0
A119,2022,9,2310.0
A119,2022,10,2640.0
A119,2022,11,1650.0
A119,2022,12,1320.0
A119,2023,1,1320.0
A119,2023,2,2310.0
A119,2023,3,1117.741935483871
A161,2021,1,1424.0
A161,2021,2,2492.0000000000005
A161,2021,3,2492.0000000000005
A161,2021,4,3560.0
A161,2021,5,4628.0
A161,2021,6,4984.000000000001
A161,2021,7,4272.0
A161,2021,8,3204.0
A161,2021,9,2492.0000000000005
A161,2021,10,2848.0
A161,2021,11,1780.0
A161,2021,12,1424.0
A161,2022,1,1424.0
A161,2022,2,2492.0000000000005
A161,2022,3,2492.0000000000005
A161,2022,4,3560.0
A161,2022,5,4628.0
A161,2022,6,4984.000000000001
A161,2022,7,4272.0
A161,2022,8,3204.0
A161,2022,9,2492.0000000000005
A161,2022,10,2848.0
A161,2022,11,1780.0
A161,2022,12,1424.0
A161,2023,1,1424.0
A161,2023,2,2492.0000000000005
A161,2023,3,1205.8064516129034
A120,2021,1,1544.0
A120,2021,2,2702.0000000000005
A120,2021,3,2702.0000000000005
A120,2021,4,3860.0
A120,2021,5,5018.0
A120,2021,6,5404.000000000001
A120,2021,7,4632.0
A120,2021,8,3474.0
A120,2021,9,2702.0000000000005
A120,2021,10,3088.0
A120,2021,11,1930.0
A120,2021,12,1544.0
A120,2022,1,1544.0
A120,2022,2,2702.0000000000005
A120,2022,3,2702.0000000000005
A120,2022,4,3860.0
A120,2022,5,5018.0
A120,2022,6,5404.000000000001
A120,2022,7,4632.0
A120,2022,8,3474.0
A120,2022,9,2702.0000000000005
A120,2022,10,3088.0
A120,2022,11,1930.0
A120,2022,12,1544.0
A120,2023,1,1544.0
A120,2023,2,2702.0000000000005
A120,2023,3,1307.41935483871
A121,2021,1,1560.0
A121,2021,2,2730.0000000000005
A121,2021,3,2730.0000000000005
A121,2021,4,3900.0
A121,2021,5,5070.0
A121,2021,6,5460.000000000001
A121,2021,7,4680.0
A121,2021,8,3510.0
A121,2021,9,2730.0000000000005
A121,2021,10,3120.0
A121,2021,11,1950.0
A121,2021,12,1560.0
A121,2022,1,1560.0
A121,2022,2,2730.0000000000005
A121,2022,3,2730.0000000000005
A121,2022,4,3900.0
A121,2022,5,5070.0
A121,2022,6,5460.000000000001
A121,2022,7,4680.0
A121,2022,8,3510.0
A121,2022,9,2730.0000000000005
A121,2022,10,3120.0
A121,2022,11,1950.0
A121,2022,12,1560.0
A121,2023,1,1560.0
A121,2023,2,2730.0000000000005
A121,2023,3,1320.9677419354841
A144,2021,1,2336.0
A144,2021,2,4088.0000000000005
A144,2021,3,4088.0000000000005
A144,2021,4,5840.0
A144,2021,5,7592.0
A144,2021,6,8176.000000000001
A144,2021,7,7008.0
A144,2021,8,5256.0
A144,2021,9,4088.0000000000005
A144,2021,10,4672.0
A144,2021,11,2920.0
A144,2021,12,2336.0
A144,2022,1,2336.0
A144,2022,2,4088.0000000000005
A144,2022,3,4088.0000000000005
A144,2022,4,5840.0
A144,2022,5,7592.0
A144,2022,6,8176.000000000001
A144,2022,7,7008.0
A144,2022,8,5256.0
A144,2022,9,4088.0000000000005
A144,2022,10,4672.0
A144,2022,11,2920.0
A144,2022,12,2336.0
A144,2023,1,2336.0
A144,2023,2,4088.0000000000005
A144,2023,3,1978.0645161290324
A139,2021,1,1772.0
A139,2021,2,3101.0000000000005
A139,2021,3,3101.0000000000005
A139,2021,4,4430.0
A139,2021,5,5759.0
A139,2021,6,6202.000000000001
A139,2021,7,5316.0
A139,2021,8,3987.0
A139,2021,9,3101.0000000000005
A139,2021,10,3544.0
A139,2021,11,2215.0
A139,2021,12,1772.0
A139,2022,1,1772.0
A139,2022,2,3101.0000000000005
A139,2022,3,3101.0000000000005
A139,2022,4,4430.0
A139,2022,5,5759.0
A139,2022,6,6202.000000000001
A139,2022,7,5316.0
A139,2022,8,3987.0
A139,2022,9,3101.0000000000005
A139,2022,10,3544.0
A139,2022,11,2215.0
A139,2022,12,1772.0
A139,2023,1,1772.0
A139,2023,2,3101.0000000000005
A139,2023,3,1500.4838709677422
A158,2021,1,1840.0
A158,2021,2,3220.0000000000005
A158,2021,3,3220.0000000000005
A158,2021,4,4600.0
A158,2021,5,5980.0
A158,2021,6,6440.000000000001
A158,2021,7,5520.0
A158,2021,8,4140.0
A158,2021,9,3220.0000000000005
A158,2021,10,3680.0
A158,2021,11,2300.0
A158,2021,12,1840.0
A158,2022,1,1840.0
A158,2022,2,3220.0000000000005
A158,2022,3,3220.0000000000005
A158,2022,4,4600.0
A158,2022,5,5980.0
A158,2022,6,6440.000000000001
A158,2022,7,5520.0
A158,2022,8,4140.0
A158,2022,9,3220.0000000000005
A158,2022,10,3680.0
A158,2022,11,2300.0
A158,2022,12,1840.0
A158,2023,1,1840.0
A158,2023,2,3220.0000000000005
A158,2023,3,1558.0645161290324
A173,2021,1,944.0
A173,2021,2,1652.0000000000002
A173,2021,3,1652.0000000000002
A173,2021,4,2360.0
A173,2021,5,3068.0
A173,2021,6,3304.0000000000005
A173,2021,7,2832.0
A173,2021,8,2124.0
A173,2021,9,1652.0000000000002
A173,2021,10,1888.0
A173,2021,11,1180.0
A173,2021,12,944.0
A173,2022,1,944.0
A173,2022,2,1652.0000000000002
A173,2022,3,1652.0000000000002
A173,2022,4,2360.0
A173,2022,5,3068.0
A173,2022,6,3304.0000000000005
A173,2022,7,2832.0
A173,2022,8,2124.0
A173,2022,9,1652.0000000000002
A173,2022,10,1888.0
A173,2022,11,1180.0
A173,2022,12,944.0
A173,2023,1,944.0
A173,2023,2,1652.0000000000002
A173,2023,3,799.3548387096776
A122,2021,1,1624.0
A122,2021,2,2842.0000000000005
A122,2021,3,2842.0000000000005
A122,2021,4,4060.0
A122,2021,5,5278.0
A122,2021,6,5684.000000000001
A122,2021,7,4872.0
A122,2021,8,3654.0
A122,2021,9,2842.0000000000005
A122,2021,10,3248.0
A122,2021,11,2030.0
A122,2021,12,1624.0
A122,2022,1,1624.0
A122,2022,2,2842.0000000000005
A122,2022,3,2842.0000000000005
A122,2022,4,4060.0
A122,2022,5,5278.0
A122,2022,6,5684.000000000001
A122,2022,7,4872.0
A122,2022,8,3654.0
A122,2022,9,2842.0000000000005
A122,2022,10,3248.0
A122,2022,11,2030.0
A122,2022,12,1624.0
A122,2023,1,1624.0
A122,2023,2,2842.0000000000005
A122,2023,3,1375.161290322581
A123,2021,1,2056.0
A123,2021,2,3598.0000000000005
A123,2021,3,3598.0000000000005
A123,2021,4,5140.0
A123,2021,5,6682.0
A123,2021,6,7196.000000000001
A123,2021,7,6168.0
A123,2021,8,4626.0
A123,2021,9,3598.0000000000005
A123,2021,10,4112.0
A123,2021,11,2570.0
A123,2021,12,2056.0
A123,2022,1,2056.0
A123,2022,2,3598.0000000000005
A123,2022,3,3598.0000000000005
A123,2022,4,5140.0
A123,2022,5,6682.0
A123,2022,6,7196.000000000001
A123,2022,7,6168.0
A123,2022,8,4626.0
A123,2022,9,3598.0000000000005
A123,2022,10,4112.0
A123,2022,11,2570.0
A123,2022,12,2056.0
A123,2023,1,2056.0
A123,2023,2,3598.0000000000005
A123,2023,3,1740.9677419354841
A124,2021,1,1888.0
A124,2021,2,3304.0000000000005
A124,2021,3,3304.0000000000005
A124,2021,4,4720.0
A124,2021,5,6136.0
A124,2021,6,6608.000000000001
A124,2021,7,5664.0
A124,2021,8,4248.0
A124,2021,9,3304.0000000000005
A124,2021,10,3776.0
A124,2021,11,2360.0
A124,2021,12,1888.0
A124,2022,1,1888.0
A124,2022,2,3304.0000000000005
A124,2022,3,3304.0000000000005
A124,2022,4,4720.0
A124,2022,5,6136.0
A124,2022,6,6608.000000000001
A124,2022,7,5664.0
A124,2022,8,4248.0
A124,2022,9,3304.0000000000005
A124,2022,10,3776.0
A124,2022,11,2360.0
A124,2022,12,1888.0
A124,2023,1,1888.0
A124,2023,2,3304.0000000000005
A124,2023,3,1598.709677419355
A104,2021,1,1824.0
A104,2021,2,3192.0000000000005
A104,2021,3,3192.0000000000005
A104,2021,4,4560.0
A104,2021,5,5928.0
A104,2021,6,6384.000000000001
A104,2021,7,5472.0
A104,2021,8,4104.0
A104,2021,9,3192.0000000000005
A104,2021,10,3648.0
A104,2021,11,2280.0
A104,2021,12,1824.0
A104,2022,1,1824.0
A104,2022,2,3192.0000000000005
A104,2022,3,3192.0000000000005
A104,2022,4,4560.0
A104,2022,5,5928.0
A104,2022,6,6384.000000000001
A104,2022,7,5472.0
A104,2022,8,4104.0
A104,2022,9,3192.0000000000005
A104,2022,10,3648.0
A104,2022,11,2280.0
A104,2022,12,1824.0
A104,2023,1,1824.0
A104,2023,2,3192.0000000000005
A104,2023,3,1544.5161290322583
A105,2021,1,2116.0
A105,2021,2,3703.0000000000005
A105,2021,3,3703.0000000000005
A105,2021,4,5290.0
A105,2021,5,6877.0
A105,2021,6,7406.000000000001
A105,2021,7,6348.0
A105,2021,8,4761.0
A105,2021,9,3703.0000000000005
A105,2021,10,4232.0
A105,2021,11,2645.0
A105,2021,12,2116.0
A105,2022,1,2116.0
A105,2022,2,3703.0000000000005
A105,2022,3,3703.0000000000005
A105,2022,4,5290.0
A105,2022,5,6877.0
A105,2022,6,7406.000000000001
A105,2022,7,6348.0
A105,2022,8,4761.0
A105,2022,9,3703.0000000000005
A105,2022,10,4232.0
A105,2022,11,2645.0
A105,2022,12,2116.0
A105,2023,1,2116.0
A105,2023,2,3703.0000000000005
A105,2023,3,1791.7741935483873
A162,2021,1,2036.0
A162,2021,2,3563.0000000000005
A162,2021,3,3563.0000000000005
A162,2021,4,5090.0
A162,2021,5,6617.0
A162,2021,6,7126.000000000001
A162,2021,7,6108.0
A162,2021,8,4581.0
A162,2021,9,3563.0000000000005
A162,2021,10,4072.0
A162,2021,11,2545.0
A162,2021,12,2036.0
A162,2022,1,2036.0
A162,2022,2,3563.0000000000005
A162,2022,3,3563.0000000000005
A162,2022,4,5090.0
A162,2022,5,6617.0
A162,2022,6,7126.000000000001
A162,2022,7,6108.0
A162,2022,8,4581.0
A162,2022,9,3563.0000000000005
A162,2022,10,4072.0
A162,2022,11,2545.0
A162,2022,12,2036.0
A162,2023,1,2036.0
A162,2023,2,3563.0000000000005
A162,2023,3,1724.0322580645163
A125,2021,1,1752.0
A125,2021,2,3066.0000000000005
A125,2021,3,3066.0000000000005
A125,2021,4,4380.0
A125,2021,5,5694.0
A125,2021,6,6132.000000000001
A125,2021,7,5256.0
A125,2021,8,3942.0
A125,2021,9,3066.0000000000005
A125,2021,10,3504.0
A125,2021,11,2190.0
A125,2021,12,1752.0
A125,2022,1,1752.0
A125,2022,2,3066.0000000000005
A125,2022,3,3066.0000000000005
A125,2022,4,4380.0
A125,2022,5,5694.0
A125,2022,6,6132.000000000001
A125,2022,7,5256.0
A125,2022,8,3942.0
A125,2022,9,3066.0000000000005
A125,2022,10,3504.0
A125,2022,11,2190.0
A125,2022,12,1752.0
A125,2023,1,1752.0
A125,2023,2,3066.0000000000005
A125,2023,3,1483.5483870967744
A126,2021,1,1348.0
A126,2021,2,2359.0
A126,2021,3,2359.0
A126,2021,4,3370.0
A126,2021,5,4381.0
A126,2021,6,4718.0
A126,2021,7,4044.0
A126,2021,8,3033.0
A126,2021,9,2359.0
A126,2021,10,2696.0
A126,2021,11,1685.0
A126,2021,12,1348.0
A126,2022,1,1348.0
A126,2022,2,2359.0
A126,2022,3,2359.0
A126,2022,4,3370.0
A126,2022,5,4381.0
A126,2022,6,4718.0
A126,2022,7,4044.0
A126,2022,8,3033.0
A126,2022,9,2359.0
A126,2022,10,2696.0
A126,2022,11,1685.0
A126,2022,12,1348.0
A126,2023,1,1348.0
A126,2023,2,2359.0
A126,2023,3,1141.4516129032259
A163,2021,1,2004.0
A163,2021,2,3507.0000000000005
A163,2021,3,3507.0000000000005
A163,2021,4,5010.0
A163,2021,5,6513.0
A163,2021,6,7014.000000000001
A163,2021,7,6012.0
A163,2021,8,4509.0
A163,2021,9,3507.0000000000005
A163,2021,10,4008.0
A163,2021,11,2505.0
A163,2021,12,2004.0
A163,2022,1,2004.0
A163,2022,2,3507.0000000000005
A163,2022,3,3507.0000000000005
A163,2022,4,5010.0
A163,2022,5,6513.0
A163,2022,6,7014.000000000001
A163,2022,7,6012.0
A163,2022,8,4509.0
A163,2022,9,3507.0000000000005
A163,2022,10,4008.0
A163,2022,11,2505.0
A163,2022,12,2004.0
A163,2023,1,2004.0
A163,2023,2,3507.0000000000005
A163,2023,3,1696.935483870968
A127,2021,1,1704.0
A127,2021,2,2982.0000000000005
A127,2021,3,2982.0000000000005
A127,2021,4,4260.0
A127,2021,5,5538.0
A127,2021,6,5964.000000000001
A127,2021,7,5112.0
A127,2021,8,3834.0
A127,2021,9,2982.0000000000005
A127,2021,10,3408.0
A127,2021,11,2130.0
A127,2021,12,1704.0
A127,2022,1,1704.0
A127,2022,2,2982.0000000000005
A127,2022,3,2982.0000000000005
A127,2022,4,4260.0
A127,2022,5,5538.0
A127,2022,6,5964.000000000001
A127,2022,7,5112.0
A127,2022,8,3834.0
A127,2022,9,2982.0000000000005
A127,2022,10,3408.0
A127,2022,11,2130.0
A127,2022,12,1704.0
A127,2023,1,1704.0
A127,2023,2,2982.0000000000005
A127,2023,3,1442.903225806452
A128,2021,1,1928.0
A128,2021,2,3374.0000000000005
A128,2021,3,3374.0000000000005
A128,2021,4,4820.0
A128,2021,5,6266.0
A128,2021,6,6748.000000000001
A128,2021,7,5784.0
A128,2021,8,4338.0
A128,2021,9,3374.0000000000005
A128,2021,10,3856.0
A128,2021,11,2410.0
A128,2021,12,1928.0
A128,2022,1,1928.0
A128,2022,2,3374.0000000000005
A128,2022,3,3374.0000000000005
A128,2022,4,4820.0
A128,2022,5,6266.0
A128,2022,6,6748.000000000001
A128,2022,7,5784.0
A128,2022,8,4338.0
A128,2022,9,3374.0000000000005
A128,2022,10,3856.0
A128,2022,11,2410.0
A128,2022,12,1928.0
A128,2023,1,1928.0
A128,2023,2,3374.0000000000005
A128,2023,3,1632.5806451612905
A129,2021,1,1588.0
A129,2021,2,2779.0000000000005
A129,2021,3,2779.0000000000005
A129,2021,4,3970.0
A129,2021,5,5161.0
A129,2021,6,5558.000000000001
A129,2021,7,4764.0
A129,2021,8,3573.0
A129,2021,9,2779.0000000000005
A129,2021,10,3176.0
A129,2021,11,1985.0
A129,2021,12,1588.0
A129,2022,1,1588.0
A129,2022,2,2779.0000000000005
A129,2022,3,2779.0000000000005
A129,2022,4,3970.0
A129,2022,5,5161.0
A129,2022,6,5558.000000000001
A129,2022,7,4764.0
A129,2022,8,3573.0
A129,2022,9,2779.0000000000005
A129,2022,10,3176.0
A129,2022,11,1985.0
A129,2022,12,1588.0
A129,2023,1,1588.0
A129,2023,2,2779.0000000000005
A129,2023,3,1344.677419354839
A155,2021,1,1400.0
A155,2021,2,2450.0000000000005
A155,2021,3,2450.0000000000005
A155,2021,4,3500.0
A155,2021,5,4550.0
A155,2021,6,4900.000000000001
A155,2021,7,4200.0
A155,2021,8,3150.0
A155,2021,9,2450.0000000000005
A155,2021,10,2800.0
A155,2021,11,1750.0
A155,2021,12,1400.0
A155,2022,1,1400.0
A155,2022,2,2450.0000000000005
A155,2022,3,2450.0000000000005
A155,2022,4,3500.0
A155,2022,5,4550.0
A155,2022,6,4900.000000000001
A155,2022,7,4200.0
A155,2022,8,3150.0
A155,2022,9,2450.0000000000005
A155,2022,10,2800.0
A155,2022,11,1750.0
A155,2022,12,1400.0
A155,2023,1,1400.0
A155,2023,2,2450.0000000000005
A155,2023,3,1185.4838709677422
A140,2021,1,1720.0
A140,2021,2,3010.0000000000005
A140,2021,3,3010.0000000000005
A140,2021,4,4300.0
A140,2021,5,5590.0
A140,2021,6,6020.000000000001
A140,2021,7,5160.0
A140,2021,8,3870.0
A140,2021,9,3010.0000000000005
A140,2021,10,3440.0
A140,2021,11,2150.0
A140,2021,12,1720.0
A140,2022,1,1720.0
A140,2022,2,3010.0000000000005
A140,2022,3,3010.0000000000005
A140,2022,4,4300.0
A140,2022,5,5590.0
A140,2022,6,6020.000000000001
A140,2022,7,5160.0
A140,2022,8,3870.0
A140,2022,9,3010.0000000000005
A140,2022,10,3440.0
A140,2022,11,2150.0
A140,2022,12,1720.0
A140,2023,1,1720.0
A140,2023,2,3010.0000000000005
A140,2023,3,1456.451612903226
A141,2021,1,2212.0
A141,2021,2,3871.0000000000005
A141,2021,3,3871.0000000000005
A141,2021,4,5530.0
A141,2021,5,7189.0
A141,2021,6,7742.000000000001
A141,2021,7,6636.0
A141,2021,8,4977.0
A141,2021,9,3871.0000000000005
A141,2021,10,4424.0
A141,2021,11,2765.0
A141,2021,12,2212.0
A141,2022,1,2212.0
A141,2022,2,3871.0000000000005
A141,2022,3,3871.0000000000005
A141,2022,4,5530.0
A141,2022,5,7189.0
A141,2022,6,7742.000000000001
A141,2022,7,6636.0
A141,2022,8,4977.0
A141,2022,9,3871.0000000000005
A141,2022,10,4424.0
A141,2022,11,2765.0
A141,2022,12,2212.0
A141,2023,1,2212.0
A141,2023,2,3871.0000000000005
A141,2023,3,1873.0645161290324
A130,2021,1,1648.0
A130,2021,2,2884.0000000000005
A130,2021,3,2884.0000000000005
A130,2021,4,4120.0
A130,2021,5,5356.0
A130,2021,6,5768.000000000001
A130,2021,7,4944.0
A130,2021,8,3708.0
A130,2021,9,2884.0000000000005
A130,2021,10,3296.0
A130,2021,11,2060.0
A130,2021,12,1648.0
A130,2022,1,1648.0
A130,2022,2,2884.0000000000005
A130,2022,3,2884.0000000000005
A130,2022,4,4120.0
A130,2022,5,5356.0
A130,2022,6,5768.000000000001
A130,2022,7,4944.0
A130,2022,8,3708.0
A130,2022,9,2884.0000000000005
A130,2022,10,3296.0
A130,2022,11,2060.0
A130,2022,12,1648.0
A130,2023,1,1648.0
A130,2023,2,2884.0000000000005
A130,2023,3,1395.4838709677422
A145,2021,1,1048.0
A145,2021,2,1834.0000000000002
A145,2021,3,1834.0000000000002
A145,2021,4,2620.0
A145,2021,5,3406.0
A145,2021,6,3668.0000000000005
A145,2021,7,3144.0
A145,2021,8,2358.0
A145,2021,9,1834.0000000000002
A145,2021,10,2096.0
A145,2021,11,1310.0
A145,2021,12,1048.0
A145,2022,1,1048.0
A145,2022,2,1834.0000000000002
A145,2022,3,1834.0000000000002
A145,2022,4,2620.0
A145,2022,5,3406.0
A145,2022,6,3668.0000000000005
A145,2022,7,3144.0
A145,2022,8,2358.0
A145,2022,9,1834.0000000000002
A145,2022,10,2096.0
A145,2022,11,1310.0
A145,2022,12,1048.0
A145,2023,1,1048.0
A145,2023,2,1834.0000000000002
A145,2023,3,887.4193548387098
A131,2021,1,784.0
A131,2021,2,1372.0000000000002
A131,2021,3,1372.0000000000002
A131,2021,4,1960.0
A131,2021,5,2548.0
A131,2021,6,2744.0000000000005
A131,2021,7,2352.0
A131,2021,8,1764.0
A131,2021,9,1372.0000000000002
A131,2021,10,1568.0
A131,2021,11,980.0
A131,2021,12,784.0
A131,2022,1,784.0
A131,2022,2,1372.0000000000002
A131,2022,3,1372.0000000000002
A131,2022,4,1960.0
A131,2022,5,2548.0
A131,2022,6,2744.0000000000005
A131,2022,7,2352.0
A131,2022,8,1764.0
A131,2022,9,1372.0000000000002
A131,2022,10,1568.0
A131,2022,11,980.0
A131,2022,12,784.0
A131,2023,1,784.0
A131,2023,2,1372.0000000000002
A131,2023,3,663.8709677419356
A106,2021,1,2136.0
A106,2021,2,3738.0000000000005
A106,2021,3,3738.0000000000005
A106,2021,4,5340.0
A106,2021,5,6942.0
A106,2021,6,7476.000000000001
A106,2021,7,6408.0
A106,2021,8,4806.0
A106,2021,9,3738.0000000000005
A106,2021,10,4272.0
A106,2021,11,2670.0
A106,2021,12,2136.0
A106,2022,1,2136.0
A106,2022,2,3738.0000000000005
A106,2022,3,3738.0000000000005
A106,2022,4,5340.0
A106,2022,5,6942.0
A106,2022,6,7476.000000000001
A106,2022,7,6408.0
A106,2022,8,4806.0
A106,2022,9,3738.0000000000005
A106,2022,10,4272.0
A106,2022,11,2670.0
A106,2022,12,2136.0
A106,2023,1,2136.0
A106,2023,2,3738.0000000000005
A106,2023,3,1808.709677419355
A107,2021,1,1312.0
A107,2021,2,2296.0
A107,2021,3,2296.0
A107,2021,4,3280.0
A107,2021,5,4264.0
A107,2021,6,4592.0
A107,2021,7,3936.0
A107,2021,8,2952.0
A107,2021,9,2296.0
A107,2021,10,2624.0
A107,2021,11,1640.0
A107,2021,12,1312.0
A107,2022,1,1312.0
A107,2022,2,2296.0
A107,2022,3,2296.0
A107,2022,4,3280.0
A107,2022,5,4264.0
A107,2022,6,4592.0
A107,2022,7,3936.0
A107,2022,8,2952.0
A107,2022,9,2296.0
A107,2022,10,2624.0
A107,2022,11,1640.0
A107,2022,12,1312.0
A107,2023,1,1312.0
A107,2023,2,2296.0
A107,2023,3,1110.967741935484
A132,2021,1,1460.0
A132,2021,2,2555.0000000000005
A132,2021,3,2555.0000000000005
A132,2021,4,3650.0
A132,2021,5,4745.0
A132,2021,6,5110.000000000001
A132,2021,7,4380.0
A132,2021,8,3285.0
A132,2021,9,2555.0000000000005
A132,2021,10,2920.0
A132,2021,11,1825.0
A132,2021,12,1460.0
A132,2022,1,1460.0
A132,2022,2,2555.0000000000005
A132,2022,3,2555.0000000000005
A132,2022,4,3650.0
A132,2022,5,4745.0
A132,2022,6,5110.000000000001
A132,2022,7,4380.0
A132,2022,8,3285.0
A132,2022,9,2555.0000000000005
A132,2022,10,2920.0
A132,2022,11,1825.0
A132,2022,12,1460.0
A132,2023,1,1460.0
A132,2023,2,2555.0000000000005
A132,2023,3,1236.2903225806454
A133,2021,1,1800.0
A133,2021,2,3150.0000000000005
A133,2021,3,3150.0000000000005
A133,2021,4,4500.0
A133,2021,5,5850.0
A133,2021,6,6300.000000000001
A133,2021,7,5400.0
A133,2021,8,4050.0
A133,2021,9,3150.0000000000005
A133,2021,10,3600.0
A133,2021,11,2250.0
A133,2021,12,1800.0
A133,2022,1,1800.0
A133,2022,2,3150.0000000000005
A133,2022,3,3150.0000000000005
A133,2022,4,4500.0
A133,2022,5,5850.0
A133,2022,6,6300.000000000001
A133,2022,7,5400.0
A133,2022,8,4050.0
A133,2022,9,3150.0000000000005
A133,2022,10,3600.0
A133,2022,11,2250.0
A133,2022,12,1800.0
A133,2023,1,1800.0
A133,2023,2,3150.0000000000005
A133,2023,3,1524.193548387097
A108,2021,1,1740.0
A108,2021,2,3045.0000000000005
A108,2021,3,3045.0000000000005
A108,2021,4,4350.0
A108,2021,5,5655.0
A108,2021,6,6090.000000000001
A108,2021,7,5220.0
A108,2021,8,3915.0
A108,2021,9,3045.0000000000005
A108,2021,10,3480.0
A108,2021,11,2175.0
A108,2021,12,1740.0
A108,2022,1,1740.0
A108,2022,2,3045.0000000000005
A108,2022,3,3045.0000000000005
A108,2022,4,4350.0
A108,2022,5,5655.0
A108,2022,6,6090.000000000001
A108,2022,7,5220.0
A108,2022,8,3915.0
A108,2022,9,3045.0000000000005
A108,2022,10,3480.0
A108,2022,11,2175.0
A108,2022,12,1740.0
A108,2023,1,1740.0
A108,2023,2,3045.0000000000005
A108,2023,3,1473.3870967741939
A109,2021,1,1160.0
A109,2021,2,2030.0000000000002
A109,2021,3,2030.0000000000002
A109,2021,4,2900.0
A109,2021,5,3770.0
A109,2021,6,4060.0000000000005
A109,2021,7,3480.0
A109,2021,8,2610.0
A109,2021,9,2030.0000000000002
A109,2021,10,2320.0
A109,2021,11,1450.0
A109,2021,12,1160.0
A109,2022,1,1160.0
A109,2022,2,2030.0000000000002
A109,2022,3,2030.0000000000002
A109,2022,4,2900.0
A109,2022,5,3770.0
A109,2022,6,4060.0000000000005
A109,2022,7,3480.0
A109,2022,8,2610.0
A109,2022,9,2030.0000000000002
A109,2022,10,2320.0
A109,2022,11,1450.0
A109,2022,12,1160.0
A109,2023,1,1160.0
A109,2023,2,2030.0000000000002
A109,2023,3,982.2580645161291
A134,2021,1,1332.0
A134,2021,2,2331.0
A134,2021,3,2331.0
A134,2021,4,3330.0
A134,2021,5,4329.0
A134,2021,6,4662.0
A134,2021,7,3996.0
A134,2021,8,2997.0
A134,2021,9,2331.0
A134,2021,10,2664.0
A134,2021,11,1665.0
A134,2021,12,1332.0
A134,2022,1,1332.0
A134,2022,2,2331.0
A134,2022,3,2331.0
A134,2022,4,3330.0
A134,2022,5,4329.0
A134,2022,6,4662.0
A134,2022,7,3996.0
A134,2022,8,2997.0
A134,2022,9,2331.0
A134,2022,10,2664.0
A134,2022,11,1665.0
A134,2022,12,1332.0
A134,2023,1,1332.0
A134,2023,2,2331.0
A134,2023,3,1127.9032258064517
A156,2021,1,1740.0
A156,2021,2,3045.0000000000005
A156,2021,3,3045.0000000000005
A156,2021,4,4350.0
A156,2021,5,5655.0
A156,2021,6,6090.000000000001
A156,2021,7,5220.0
A156,2021,8,3915.0
A156,2021,9,3045.0000000000005
A156,2021,10,3480.0
A156,2021,11,2175.0
A156,2021,12,1740.0
A156,2022,1,1740.0
A156,2022,2,3045.0000000000005
A156,2022,3,3045.0000000000005
A156,2022,4,4350.0
A156,2022,5,5655.0
A156,2022,6,6090.000000000001
A156,2022,7,5220.0
A156,2022,8,3915.0
A156,2022,9,3045.0000000000005
A156,2022,10,3480.0
A156,2022,11,2175.0
A156,2022,12,1740.0
A156,2023,1,1740.0
A156,2023,2,3045.0000000000005
A156,2023,3,1473.3870967741939
A157,2021,1,2196.0
A157,2021,2,3843.0000000000005
A157,2021,3,3843.0000000000005
A157,2021,4,5490.0
A157,2021,5,7137.0
A157,2021,6,7686.000000000001
A157,2021,7,6588.0
A157,2021,8,4941.0
A157,2021,9,3843.0000000000005
A157,2021,10,4392.0
A157,2021,11,2745.0
A157,2021,12,2196.0
A157,2022,1,2196.0
A157,2022,2,3843.0000000000005
A157,2022,3,3843.0000000000005
A157,2022,4,5490.0
A157,2022,5,7137.0
A157,2022,6,7686.000000000001
A157,2022,7,6588.0
A157,2022,8,4941.0
A157,2022,9,3843.0000000000005
A157,2022,10,4392.0
A157,2022,11,2745.0
A157,2022,12,2196.0
A157,2023,1,2196.0
A157,2023,2,3843.0000000000005
A157,2023,3,1859.5161290322583
A164,2021,1,1320.0
A164,2021,2,2310.0
A164,2021,3,2310.0
A164,2021,4,3300.0
A164,2021,5,4290.0
A164,2021,6,4620.0
A164,2021,7,3960.0
A164,2021,8,2970.0
A164,2021,9,2310.0
A164,2021,10,2640.0
A164,2021,11,1650.0
A164,2021,12,1320.0
A164,2022,1,1320.0
A164,2022,2,2310.0
A164,2022,3,2310.0
A164,2022,4,3300.0
A164,2022,5,4290.0
A164,2022,6,4620.0
A164,2022,7,3960.0
A164,2022,8,2970.0
A164,2022,9,2310.0
A164,2022,10,2640.0
A164,2022,11,1650.0
A164,2022,12,1320.0
A164,2023,1,1320.0
A164,2023,2,2310.0
A164,2023,3,1117.741935483871
A146,2021,1,1780.0
A146,2021,2,3115.0000000000005
A146,2021,3,3115.0000000000005
A146,2021,4,4450.0
A146,2021,5,5785.0
A146,2021,6,6230.000000000001
A146,2021,7,5340.0
A146,2021,8,4005.0
A146,2021,9,3115.0000000000005
A146,2021,10,3560.0
A146,2021,11,2225.0
A146,2021,12,1780.0
A146,2022,1,1780.0
A146,2022,2,3115.0000000000005
A146,2022,3,3115.0000000000005
A146,2022,4,4450.0
A146,2022,5,5785.0
A146,2022,6,6230.000000000001
A146,2022,7,5340.0
A146,2022,8,4005.0
A146,2022,9,3115.0000000000005
A146,2022,10,3560.0
A146,2022,11,2225.0
A146,2022,12,1780.0
A146,2023,1,1780.0
A146,2023,2,3115.0000000000005
A146,2023,3,1507.2580645161293
